Accs,,Q1,Q2,Q3,Q4,Q5,Q6,Q7,Grp,,Rigghtnames,Sex,Types
MN-23-AA-05-08,MN,1.00E-05,0.972569,1.00E-05,0.021949,0.005442,1.00E-05,1.00E-05,2,,,,
GWAS-202-Santium,GW,1.00E-05,1.50E-05,0.296139,0.703806,1.00E-05,1.00E-05,1.00E-05,4,,GWAS-202-Lifter_Seedless,female,Cannabinoid
ND-23-AA-01-09,ND,1.00E-05,0.257763,1.00E-05,1.00E-05,1.00E-05,1.00E-05,0.742187,7,,,,
MN-23-AA-05-03,MN,1.00E-05,0.97796,1.00E-05,1.00E-05,0.02199,1.00E-05,1.00E-05,2,,,,
IL-22-PA-01-09,IL,1.00E-05,0.978446,0.008153,1.00E-05,0.01336,1.00E-05,1.00E-05,2,,,,
ND-23-AA-01-04,ND,1.00E-05,0.004884,1.00E-05,1.00E-05,1.00E-05,1.00E-05,0.995066,7,,,,
IL-22-PA-07-07,IL,0.044515,0.005478,1.00E-05,0.003125,1.00E-05,0.946852,1.00E-05,6,,,,
NE-22-PB-08-03,NE,0.044586,0.054419,1.00E-05,0.029427,1.20E-05,1.00E-05,0.871536,7,,,,
WI-22-AB-11-04,WI,1.00E-05,0.999936,1.00E-05,1.00E-05,1.40E-05,1.00E-05,1.00E-05,2,,,,
GWAS-350-Oregon_Guava,GW,1.00E-05,1.00E-05,0.99994,1.00E-05,1.00E-05,1.00E-05,1.00E-05,3,,GWAS-350-Auto_Pilot_1.0,female,Day
MN-23-AA-02-04,MN,0.032725,1.00E-05,1.00E-05,1.00E-05,1.00E-05,0.967225,1.00E-05,6,,,,
KS-22-PB-02-08,KS,1.00E-05,0.063263,1.00E-05,1.00E-05,1.00E-05,1.00E-05,0.936687,7,,,,
SD-23-AA-03-06,SD,0.086029,1.00E-05,1.00E-05,1.00E-05,1.00E-05,0.030795,0.883137,7,,,,
WI-22-AB-06-04,WI,1.00E-05,0.999734,0.000216,1.00E-05,1.00E-05,1.00E-05,1.00E-05,2,,,,
GWAS-158-WI-M-H-19-00107,GW,1.00E-05,1.00E-05,0.878669,0.121281,1.00E-05,1.00E-05,1.00E-05,3,,GWAS-158-QPPLG1151,female,Day
IL-23-AA-01-06,IL,1.00E-05,0.762256,1.00E-05,1.00E-05,1.00E-05,1.00E-05,0.237694,2,,,,
GWAS-419-Auto_Pilot_1.0,GW,1.00E-05,1.00E-05,0.094116,0.905834,1.00E-05,1.00E-05,1.00E-05,4,,GWAS-419-Queen_Dream,female,Cannabinoid
WI-22-AB-08-07,WI,1.00E-05,0.985073,0.014877,1.00E-05,1.00E-05,1.00E-05,1.00E-05,2,,,,
IN-22-MB-01-05,IN,0.99994,1.00E-05,1.00E-05,1.00E-05,1.00E-05,1.00E-05,1.00E-05,1,,,,
SD-23-AA-02-04,SD,1.00E-05,0.011283,1.90E-05,1.00E-05,1.00E-05,1.00E-05,0.988658,7,,,,
NE-22-PB-01-02,NE,1.00E-05,0.092946,1.00E-05,0.006129,1.00E-05,1.00E-05,0.900885,7,,GWAS-393-Eletta_Campana,,
GWAS-415-Henola,GW,1.00E-05,0.125376,1.00E-05,1.00E-05,0.874574,1.00E-05,1.00E-05,5,,GWAS-415-Altair,female,Dual
SD-23-AA-05-05,SD,0.051087,1.00E-05,1.00E-05,1.00E-05,1.00E-05,0.005417,0.943456,7,,,,
WI-22-AB-06-07,WI,0.057368,0.014688,1.20E-05,1.00E-05,1.00E-05,0.927902,1.00E-05,6,,,,
GWAS-154-Suvar_Haze_Seedless,GW,1.00E-05,0.803205,0.00019,0.010175,0.186401,1.00E-05,1.00E-05,2,,GWAS-154-WI-M-H-19-00109,Male,Feral
GWAS-426-WI-M-H-19-00104,GW,1.00E-05,0.787315,0.008975,0.004318,0.199363,1.00E-05,1.00E-05,2,,GWAS-426-WI-M-H-20-113,,
MN-23-AA-03-04,MN,0.01977,0.98018,1.00E-05,1.00E-05,1.00E-05,1.00E-05,1.00E-05,2,,,,
IL-23-AA-02-04,IL,1.00E-05,0.97766,1.00E-05,1.00E-05,0.02229,1.00E-05,1.00E-05,2,,,,
GWAS-147-Hot_Blonde,GW,1.00E-05,0.070777,1.00E-05,1.00E-05,0.929173,1.00E-05,1.00E-05,5,,GWAS-147-Altair,Mono,Dual
ND-23-AA-01-19,ND,1.00E-05,0.046376,1.00E-05,1.00E-05,1.00E-05,1.00E-05,0.953574,7,,,,
SD-23-AA-01-12,SD,1.00E-05,1.00E-05,1.00E-05,1.00E-05,1.00E-05,1.00E-05,0.99994,7,,,,
ND-23-AA-02-02,ND,0.034606,1.00E-05,1.00E-05,1.80E-05,1.00E-05,0.047324,0.918021,7,,,,
MN-23-AA-04-03,MN,0.073813,1.00E-05,1.00E-05,1.00E-05,1.00E-05,0.926137,1.00E-05,6,,,,
GWAS-220-WI-M-H-20-109,GW,1.00E-05,0.83285,1.00E-05,1.00E-05,0.1671,1.00E-05,1.00E-05,2,,GWAS-220-WI-M-H-19-00101,female,Feral
MN-23-AA-01-04,MN,0.071637,1.00E-05,1.00E-05,1.00E-05,1.00E-05,0.928313,1.00E-05,6,,,,
WI-22-AB-11-10,WI,1.00E-05,0.99994,1.00E-05,1.00E-05,1.00E-05,1.00E-05,1.00E-05,2,,,,
GWAS-452-Vega,GW,1.00E-05,1.00E-05,0.99994,1.00E-05,1.00E-05,1.00E-05,1.00E-05,3,,GWAS-452-BHC-Auto,,Feral
MN-23-AA-04-08,MN,0.016335,0.940586,0.015732,1.00E-05,0.027317,1.00E-05,1.00E-05,2,,,,
MN-23-AA-01-09,MN,1.00E-05,0.99994,1.00E-05,1.00E-05,1.00E-05,1.00E-05,1.00E-05,2,,,,
IA-22-PB-05-07,IA,1.00E-05,0.156541,1.00E-05,1.00E-05,1.00E-05,1.00E-05,0.843409,7,,,,
GWAS-382-WI-M-H-20-102,GW,1.00E-05,0.801824,0.007877,1.00E-05,0.190259,1.00E-05,1.00E-05,2,,GWAS-382-Farm_2_Plant_1,Male,Feral
GWAS-197-WI-M-H-19-00112,GW,0.050963,1.00E-05,1.00E-05,1.00E-05,0.138357,0.810639,1.00E-05,6,,GWAS-197-WI-M-H-20-100,female,Feral
WI-22-AB-04-02,WI,1.00E-05,1.00E-05,1.00E-05,1.00E-05,1.00E-05,0.75733,0.24262,6,,,,
WI-22-AB-04-10,WI,1.00E-05,0.783911,1.00E-05,1.00E-05,0.00407,1.00E-05,0.211979,2,,,,
KS-22-PB-04-01,KS,0.000358,1.00E-05,1.00E-05,1.00E-05,1.00E-05,0.003657,0.995945,7,,,,
GWAS-143-Early_Remedy,GW,1.00E-05,1.00E-05,1.80E-05,0.999932,1.00E-05,1.00E-05,1.00E-05,4,,GWAS-143-#5_33200,,Cannabinoid
MN-23-AA-01-12,MN,1.00E-05,0.99994,1.00E-05,1.00E-05,1.00E-05,1.00E-05,1.00E-05,2,,,,
IA-22-PB-06-08,IA,1.00E-05,1.00E-05,1.00E-05,1.00E-05,1.00E-05,0.150084,0.849866,7,,,,
GWAS-434-H_51,GW,1.00E-05,0.831015,1.00E-05,0.003376,0.165569,1.00E-05,1.00E-05,2,,GWAS-434-WI-M-H-19-00103,,
GWAS-389-Grandi,GW,1.00E-05,1.00E-05,0.129475,0.870475,1.00E-05,1.00E-05,1.00E-05,4,,GWAS-389-Queen_Dream,female,Cannabinoid
GWAS-140-Early_Remedy,GW,1.00E-05,1.00E-05,1.00E-05,1.00E-05,0.99994,1.00E-05,1.00E-05,5,,GWAS-140-Hlesia,female,Dual
GWAS-444-WI-M-H-19-00113,GW,0.006902,1.00E-05,1.00E-05,1.00E-05,0.145306,0.847752,1.00E-05,6,,GWAS-444-WI-M-H-20-110,Male,Feral
SD-23-AA-03-04,SD,0.101597,1.00E-05,1.00E-05,1.00E-05,1.00E-05,0.123644,0.77472,7,,,,
IL-22-AB-02-02,IL,0.031482,0.900051,1.90E-05,0.033231,0.035197,1.00E-05,1.00E-05,2,,,,
GWAS-201-Santium,GW,1.00E-05,1.00E-05,1.00E-05,0.99994,1.00E-05,1.00E-05,1.00E-05,4,,GWAS-201-FL71 x FL71,female,Cannabinoid
MN-23-AA-03-08,MN,0.007941,0.992009,1.00E-05,1.00E-05,1.00E-05,1.00E-05,1.00E-05,2,,,,
WI-22-AB-04-01,WI,1.00E-05,1.00E-05,1.00E-05,1.00E-05,1.00E-05,0.778063,0.221887,6,,,,
MN-23-AA-04-04,MN,0.077267,1.00E-05,0.001628,1.70E-05,1.00E-05,0.921058,1.00E-05,6,,,,
GWAS-114-Oregon_Sweetgum_,GW,1.00E-05,1.00E-05,1.40E-05,0.999936,1.00E-05,1.00E-05,1.00E-05,4,,GWAS-114-21UO_S1,female,Unknown
MO-22-PB-01-08,MO,1.00E-05,1.00E-05,1.00E-05,1.00E-05,1.00E-05,1.00E-05,0.99994,7,,,,
MN-23-AA-05-13,MN,1.00E-05,0.986914,1.00E-05,1.00E-05,0.013036,1.00E-05,1.00E-05,2,,,,
NE-22-PB-02-07,NE,0.011681,0.074411,0.004876,0.010387,0.014976,1.00E-05,0.883659,7,,,,
GWAS-168-#5_33200,GW,0.044109,1.00E-05,1.00E-05,1.00E-05,0.171325,0.784525,1.00E-05,6,,GWAS-168-WI-M-H-19-00112,female,Feral
SD-23-AA-01-10,SD,1.00E-05,1.00E-05,1.00E-05,1.00E-05,1.00E-05,1.00E-05,0.99994,7,,,,
GWAS-451-WI-M-H-20-104,GW,1.00E-05,1.00E-05,0.99994,1.00E-05,1.00E-05,1.00E-05,1.00E-05,3,,GWAS-451-BHC-Auto,female,Day
SD-23-AA-04-07,SD,0.005999,0.028546,1.00E-05,1.00E-05,1.00E-05,1.00E-05,0.965414,7,,,,
IL-22-PA-01-01,IL,0.041563,0.876292,1.40E-05,0.007127,0.074983,1.00E-05,1.00E-05,2,,,,
NE-22-PB-01-10,NE,1.00E-05,0.088937,1.00E-05,1.00E-05,0.003374,1.00E-05,0.907649,7,,,,
GWAS-118-Umpqua,GW,1.00E-05,1.00E-05,1.70E-05,0.999933,1.00E-05,1.00E-05,1.00E-05,4,,GWAS-118-21UO_Wife,female,Cannabinoid
WI-22-AB-08-08,WI,0.006322,0.978777,0.001874,0.009865,0.003142,1.00E-05,1.00E-05,2,,,,
GWAS-136-WI-M-H-21-00100,GW,1.00E-05,0.749183,0.015612,0.030032,0.205143,1.00E-05,1.00E-05,2,,GWAS-136-WI-M-H-19-00105,female,Feral
WI-22-AB-04-06,WI,1.00E-05,0.024195,1.00E-05,1.00E-05,1.00E-05,0.975755,1.00E-05,6,,,,
WI-22-AB-08-03,WI,1.00E-05,0.992532,0.007418,1.00E-05,1.00E-05,1.00E-05,1.00E-05,2,,,,
NE-22-PB-01-01,NE,0.002109,0.103361,1.90E-05,0.000736,1.00E-05,1.00E-05,0.893756,7,,,,
WI-22-AB-01-06,WI,1.00E-05,0.775307,1.00E-05,1.00E-05,0.012308,1.00E-05,0.212345,2,,,,
GWAS-175-Cherry_Wine,GW,1.00E-05,0.162803,1.00E-05,0.050014,0.787143,1.00E-05,1.00E-05,5,,GWAS-175-Lara,Mono,Dual
GWAS-379-Cherry_33202,GW,1.00E-05,1.00E-05,1.30E-05,0.999937,1.00E-05,1.00E-05,1.00E-05,4,,GWAS-379-21UO_Spectrum,female,Cannabinoid
MN-23-AA-01-10,MN,1.00E-05,0.99994,1.00E-05,1.00E-05,1.00E-05,1.00E-05,1.00E-05,2,,,,
MO-22-PB-04-04,MO,0.04538,0.942037,0.006173,0.00638,1.00E-05,1.00E-05,1.00E-05,2,,,,
GWAS-401-WI-M-H-20-103,GW,1.30E-05,1.00E-05,0.270314,0.711487,0.018156,1.00E-05,1.00E-05,4,,GWAS-401-Bubbatonic,female,Cannabinoid
GWAS-376-Chinese_Hemp_Fiber_Planting_Seed,GW,1.00E-05,0.059547,1.00E-05,1.00E-05,0.940403,1.00E-05,1.00E-05,5,,GWAS-376-Vega,female,Dual
GWAS-171-Altair,GW,1.00E-05,1.00E-05,0.27102,0.717552,0.011388,1.00E-05,1.00E-05,4,,GWAS-171-Santium,female,Cannabinoid
GWAS-209-WI-M-H-19-00100a,GW,1.00E-05,1.00E-05,0.99994,1.00E-05,1.00E-05,1.00E-05,1.00E-05,3,,GWAS-209-Pipeline,female,Day
WI-22-AB-11-02,WI,1.00E-05,0.99994,1.00E-05,1.00E-05,1.00E-05,1.00E-05,1.00E-05,2,,,,
ND-23-AA-01-17,ND,0.016477,1.00E-05,1.00E-05,1.00E-05,1.00E-05,1.00E-05,0.983473,7,,,,
GWAS-354-QPPL090,GW,1.00E-05,1.00E-05,1.00E-05,1.00E-05,0.143082,0.856868,1.00E-05,6,,GWAS-354-WI-M-H-19-00104,female,Feral
SD-23-AA-01-06,SD,0.030193,1.00E-05,1.00E-05,1.00E-05,1.00E-05,1.00E-05,0.969757,7,,,,
WI-22-AB-13-02,WI,0.020244,0.921167,0.00804,0.006176,0.044353,1.00E-05,1.00E-05,2,,,,
WI-22-AB-14-01,WI,1.00E-05,0.769411,0.000889,1.00E-05,0.021109,1.00E-05,0.208561,2,,,,
SD-23-AA-02-06,SD,1.00E-05,0.00901,1.60E-05,1.00E-05,1.00E-05,1.00E-05,0.990934,7,,,,
GWAS-125-WI-M-H-20-111,GW,1.00E-05,0.033134,0.1859,0.775607,0.005329,1.00E-05,1.00E-05,4,,GWAS-125-Ex_Wife,Male,Cannabinoid
MN-23-AA-02-06,MN,0.076816,1.00E-05,1.00E-05,1.00E-05,1.00E-05,0.923134,1.00E-05,6,,,,
WI-22-AB-11-07,WI,1.00E-05,0.99994,1.00E-05,1.00E-05,1.00E-05,1.00E-05,1.00E-05,2,,,,
IL-22-AB-01-03,IL,1.00E-05,0.99994,1.00E-05,1.00E-05,1.00E-05,1.00E-05,1.00E-05,2,,,,
GWAS-365-Otto_2,GW,1.00E-05,1.00E-05,0.107615,0.892335,1.00E-05,1.00E-05,1.00E-05,4,,GWAS-365-Silver_Lining,female,Cannabinoid
SD-23-AA-05-06,SD,0.02236,0.011018,1.00E-05,1.00E-05,1.00E-05,1.00E-05,0.966582,7,,,,
GWAS-151-Suvar_Haze_Seedless,GW,0.022192,0.047468,0.017809,0.022355,0.890155,1.00E-05,1.00E-05,5,,GWAS-151-X59,female,Dual
GWAS-164-Hlesia,GW,1.00E-05,1.00E-05,1.00E-05,0.99994,1.00E-05,1.00E-05,1.00E-05,4,,GWAS-164-21UO_Stout,,
WI-22-AB-11-09,WI,1.00E-05,0.99994,1.00E-05,1.00E-05,1.00E-05,1.00E-05,1.00E-05,2,,GWAS-164-21UO_Stout,female,Unknown
WI-22-AB-01-07,WI,0.045861,0.011021,1.00E-05,1.00E-05,1.00E-05,0.943078,1.00E-05,6,,,,
WI-22-AB-08-06,WI,1.00E-05,0.998651,0.001299,1.00E-05,1.00E-05,1.00E-05,1.00E-05,2,,,,
GWAS-397-WI-M-H-20-112,GW,1.00E-05,1.00E-05,1.00E-05,1.00E-05,0.99994,1.00E-05,1.00E-05,5,,GWAS-397-CFX-1,female,Dual
NE-22-PB-07-01,NE,1.00E-05,0.09381,0.000627,0.001213,0.003179,1.00E-05,0.901151,7,,,,
GWAS-157-WI-M-H-19-00107,GW,1.00E-05,1.00E-05,0.879708,0.120242,1.00E-05,1.00E-05,1.00E-05,3,,GWAS-157-QPPLG1151,female,Day
GWAS-228-WI-M-H-21-00102,GW,1.00E-05,1.00E-05,0.99994,1.00E-05,1.00E-05,1.00E-05,1.00E-05,3,,GWAS-228-BHC-Auto,female,Day
SD-23-AA-03-02,SD,0.022739,0.093465,1.00E-05,1.00E-05,1.00E-05,1.00E-05,0.883756,7,,,,
KS-22-PB-02-03,KS,1.00E-05,0.014719,1.00E-05,1.00E-05,1.00E-05,1.00E-05,0.985231,7,,,,
IA-22-PB-04-02,IA,1.00E-05,0.719062,0.000551,1.00E-05,0.008922,1.00E-05,0.271435,2,,,,
KS-22-PB-05-07,KS,0.044116,1.00E-05,1.00E-05,1.00E-05,1.00E-05,1.00E-05,0.955834,7,,,,
SD-23-AA-02-08,SD,1.00E-05,0.236878,0.006856,1.00E-05,1.00E-05,1.00E-05,0.756226,7,,,,
MO-22-PB-02-08,MO,1.00E-05,1.00E-05,1.00E-05,1.00E-05,1.00E-05,1.00E-05,0.99994,7,,,,
MN-23-AA-01-07,MN,0.058887,0.016744,1.00E-05,1.00E-05,1.00E-05,0.924329,1.00E-05,6,,,,
IN-22-MB-01-04,IN,0.93956,1.00E-05,1.00E-05,1.00E-05,1.90E-05,1.00E-05,0.060381,1,,,,
NE-22-PB-02-06,NE,0.024725,0.028013,1.20E-05,0.015977,0.011981,1.00E-05,0.919281,7,,,,
GWAS-424-WI-M-H-19-00104,GW,0.001906,0.726765,0.004623,0.015151,0.248477,0.003068,1.00E-05,2,,GWAS-424-WI-M-H-20-113,Male,Feral
SD-23-AA-01-08,SD,1.00E-05,1.00E-05,1.00E-05,1.00E-05,1.00E-05,1.00E-05,0.99994,7,,,,
NE-22-PB-03-06,NE,1.00E-05,0.111158,0.003529,1.00E-05,1.40E-05,1.00E-05,0.885269,7,,,,
GWAS-457-21UO_Spectrum,GW,0.024748,1.00E-05,1.00E-05,0.001608,0.176261,1.00E-05,0.797354,7,,GWAS-457-WULF,Male,Cannabinoid
IL-23-AA-01-03,IL,1.00E-05,0.77855,1.00E-05,1.00E-05,1.00E-05,1.00E-05,0.2214,2,,,,
GWAS-221-WI-M-H-20-109,GW,1.00E-05,0.84345,1.00E-05,1.00E-05,0.1565,1.00E-05,1.00E-05,2,,GWAS-221-WI-M-H-19-00101,female,Feral
WI-22-AB-13-03,WI,0.028252,0.835845,0.003055,1.00E-05,0.014017,0.118811,1.00E-05,2,,,,
GWAS-146-Ex_Wife,GW,1.00E-05,0.096349,1.00E-05,1.00E-05,0.903601,1.00E-05,1.00E-05,5,,GWAS-146-Altair,Mono,Dual
WI-22-AB-01-03,WI,0.004588,0.94988,0.014345,1.00E-05,0.031156,1.00E-05,1.00E-05,2,,,,
WI-22-AB-11-06,WI,1.00E-05,0.996969,1.00E-05,1.00E-05,1.00E-05,0.002981,1.00E-05,2,,,,
GWAS-456-21UO_Spectrum,GW,1.00E-05,1.00E-05,1.00E-05,1.00E-05,0.99994,1.00E-05,1.00E-05,5,,GWAS-456-Grandi,female,Dual
IN-22-MB-01-01,IN,0.983831,1.00E-05,1.00E-05,1.00E-05,1.00E-05,0.016119,1.00E-05,1,,,,
MN-23-AA-03-12,MN,0.01967,0.968504,5.40E-05,0.011742,1.00E-05,1.00E-05,1.00E-05,2,,,,
MN-23-AA-02-12,MN,0.030533,1.00E-05,1.00E-05,1.00E-05,1.00E-05,0.969417,1.00E-05,6,,,,
SD-23-AA-04-10,SD,1.00E-05,0.045198,1.00E-05,1.00E-05,1.00E-05,1.00E-05,0.954752,7,,,,
GWAS-142-Early_Remedy,GW,1.00E-05,1.00E-05,1.90E-05,0.999931,1.00E-05,1.00E-05,1.00E-05,4,,GWAS-142-#5_33200,female,Cannabinoid
IL-22-PA-07-06,IL,0.012422,0.933742,1.00E-05,0.009442,0.044364,1.00E-05,1.00E-05,2,,,,
IN-22-MB-01-08,IN,0.78778,0.209125,0.003055,1.00E-05,1.00E-05,1.00E-05,1.00E-05,1,,,,
SD-23-AA-05-08,SD,1.00E-05,0.010039,1.00E-05,1.10E-05,1.00E-05,1.00E-05,0.989909,7,,,,
SD-23-AA-02-09,SD,1.00E-05,0.207457,0.005023,0.009248,1.00E-05,1.00E-05,0.778242,7,,,,
SD-23-AA-03-01,SD,0.136581,1.00E-05,1.00E-05,1.00E-05,1.00E-05,0.102547,0.760832,7,,,,
GWAS-349-Super_Wife,GW,1.00E-05,1.00E-05,0.999928,1.20E-05,1.90E-05,1.00E-05,1.00E-05,3,,GWAS-349-Auto_Pilot_1.0,female,Day
IL-22-PA-01-06,IL,1.00E-05,0.991576,1.00E-05,0.003267,0.005116,1.00E-05,1.00E-05,2,,,,
GWAS-128-Early_Cherry,GW,1.00E-05,1.00E-05,0.031776,0.968174,1.00E-05,1.00E-05,1.00E-05,4,,GWAS-128-Hot_Blonde,female,Cannabinoid
NE-22-PB-06-05,NE,0.091746,0.106027,0.008254,0.001397,1.00E-05,1.00E-05,0.792556,7,,,,
NE-22-PB-04-07,NE,1.00E-05,0.087458,1.00E-05,1.00E-05,1.00E-05,1.00E-05,0.912492,7,,,,
IA-22-PB-05-08,IA,1.00E-05,0.167239,0.00132,1.00E-05,1.00E-05,1.00E-05,0.8314,7,,,,
WI-22-AB-08-05,WI,1.00E-05,0.988501,0.011449,1.00E-05,1.00E-05,1.00E-05,1.00E-05,2,,,,
SD-23-AA-02-01,SD,1.00E-05,1.10E-05,1.00E-05,1.00E-05,1.00E-05,1.00E-05,0.999939,7,,,,
SD-23-AA-01-11,SD,1.00E-05,1.00E-05,1.00E-05,1.00E-05,1.00E-05,1.00E-05,0.99994,7,,,,
SD-23-AA-01-09,SD,0.012361,1.00E-05,1.00E-05,1.00E-05,1.00E-05,1.00E-05,0.987589,7,,,,
MO-22-PB-01-07,MO,1.00E-05,0.082723,1.00E-05,1.00E-05,1.00E-05,1.00E-05,0.917227,7,,,,
KS-22-PB-01-04,KS,0.132484,0.834199,0.010024,0.01628,0.006993,1.00E-05,1.00E-05,2,,,,
GWAS-200-WI-M-H-19-00112,GW,1.00E-05,1.00E-05,1.00E-05,0.99994,1.00E-05,1.00E-05,1.00E-05,4,,GWAS-200-FL71 x FL71,female,Cannabinoid
GWAS-135-WI-M-H-21-00100,GW,1.00E-05,1.00E-05,0.006021,1.00E-05,0.141754,0.852185,1.00E-05,6,,GWAS-135-WI-M-H-19-00107,Male,Feral
MN-23-AA-03-07,MN,1.00E-05,0.99994,1.00E-05,1.00E-05,1.00E-05,1.00E-05,1.00E-05,2,,,,
GWAS-113-Oregon_Sweetgum_,GW,1.00E-05,1.00E-05,1.00E-05,0.99994,1.00E-05,1.00E-05,1.00E-05,4,,GWAS-113-21UO_S1,female,Unknown
WI-22-AB-08-02,WI,1.00E-05,0.988844,0.011106,1.00E-05,1.00E-05,1.00E-05,1.00E-05,2,,,,
WI-22-FC-17-07,WI,0.062793,0.714758,0.065704,0.096864,0.05986,1.00E-05,1.00E-05,2,,,,
GWAS-139-21UO_Wife,GW,1.00E-05,1.50E-05,1.90E-05,1.00E-05,0.999927,1.00E-05,1.00E-05,5,,GWAS-139-Hlesia,Mono,Dual
ND-23-AA-01-13,ND,1.00E-05,1.00E-05,1.00E-05,1.00E-05,1.00E-05,1.00E-05,0.99994,7,,,,
WI-22-AB-01-09,WI,1.00E-05,0.987415,1.10E-05,1.00E-05,0.012535,1.00E-05,1.00E-05,2,,GWAS-117-WI-M-H-21-00100,Male,Feral
KS-22-PB-04-02,KS,0.012093,1.00E-05,1.40E-05,1.00E-05,1.00E-05,0.116759,0.871104,7,,,,
GWAS-378-Cherry_33202,GW,1.00E-05,0.13263,1.00E-05,1.00E-05,0.86732,1.00E-05,1.00E-05,5,,GWAS-378-Vega,Mono,Dual
MO-22-PB-01-06,MO,1.00E-05,0.089549,1.00E-05,1.00E-05,1.00E-05,1.00E-05,0.910401,7,,,,
IL-23-AA-02-06,IL,1.00E-05,0.984213,1.00E-05,1.00E-05,0.007784,0.007963,1.00E-05,2,,,,
GWAS-402-WI-M-H-20-103,GW,1.00E-05,1.00E-05,0.198903,0.801043,1.50E-05,1.00E-05,1.00E-05,4,,GWAS-402-Bubbatonic,female,Cannabinoid
IL-22-PA-06-01,IL,0.030575,0.011289,1.00E-05,1.00E-05,0.006117,0.943274,0.008725,6,,,,
IN-22-MB-01-10,IN,0.772558,1.00E-05,1.00E-05,1.00E-05,1.00E-05,0.127312,0.100089,1,,,,
GWAS-447-WI-M-H-20-110,GW,1.00E-05,0.811036,1.00E-05,1.00E-05,0.188914,1.00E-05,1.00E-05,2,,GWAS-447-WI-M-H-21-00103,Male,Feral
WI-22-AB-07-07,WI,1.00E-05,0.777247,1.00E-05,1.00E-05,1.00E-05,1.00E-05,0.222703,2,,,,
ND-23-AA-01-16,ND,1.00E-05,0.052155,1.00E-05,1.00E-05,1.00E-05,1.00E-05,0.947795,7,,,,
IL-22-AB-01-01,IL,0.024088,1.00E-05,1.50E-05,1.00E-05,1.00E-05,0.02129,0.954577,7,,,,
NE-22-PB-04-08,NE,1.00E-05,0.072349,1.00E-05,1.00E-05,1.00E-05,1.00E-05,0.927601,7,,,,
WI-22-AB-03-05,WI,1.00E-05,0.778101,1.00E-05,1.00E-05,0.003466,1.00E-05,0.218393,2,,,,
IL-22-AB-01-08,IL,1.00E-05,0.002081,1.00E-05,1.00E-05,1.00E-05,0.997869,1.00E-05,6,,,,
IN-22-MB-01-09,IN,0.847196,1.00E-05,1.00E-05,1.00E-05,1.00E-05,0.10305,0.049714,1,,,,
GWAS-356-Magic_Bullet_5,GW,1.00E-05,0.793416,1.40E-05,0.005627,0.200913,1.00E-05,1.00E-05,2,,GWAS-356-WI-M-H-20-107,Male,Feral
IL-22-PA-04-03,IL,0.013487,0.835634,0.0182,0.064897,0.067762,1.00E-05,1.00E-05,2,,,,
GWAS-353-QPPL090,GW,1.00E-05,0.799872,0.006318,1.00E-05,0.19377,1.00E-05,1.00E-05,2,,GWAS-353-WI-M-H-19-00104,Male,Feral
ND-23-AA-01-12,ND,0.022445,1.00E-05,1.00E-05,1.00E-05,1.00E-05,0.101325,0.87619,7,,,,
GWAS-371-Stormy,GW,1.00E-05,1.00E-05,1.00E-05,1.00E-05,0.130638,0.869312,1.00E-05,6,,GWAS-371-WI-M-H-20-110,Male,Feral
NE-22-PB-03-07,NE,0.148168,1.00E-05,1.00E-05,1.80E-05,1.00E-05,0.843935,0.007849,6,,,,
IL-22-PA-01-05,IL,0.010114,0.972836,0.005548,1.00E-05,0.011472,1.00E-05,1.00E-05,2,,,,
GWAS-165-Hlesia,GW,1.00E-05,1.00E-05,1.00E-05,0.99994,1.00E-05,1.00E-05,1.00E-05,4,,GWAS-165-21UO_Stout,female,Unknown
GWAS-364-Blue_Magnolia,GW,1.00E-05,1.00E-05,0.063901,0.936049,1.00E-05,1.00E-05,1.00E-05,4,,GWAS-364-Silver_Lining,female,Cannabinoid
ND-23-AA-01-03,ND,1.00E-05,1.00E-05,1.00E-05,1.00E-05,1.00E-05,0.129024,0.870926,7,,,,
GWAS-438-118_Early_Harvest,GW,1.00E-05,1.00E-05,1.00E-05,1.00E-05,0.131257,0.868693,1.00E-05,6,,GWAS-438-WI-M-H-20-105,female,Feral
SD-23-AA-01-13,SD,1.00E-05,1.00E-05,0.002137,1.00E-05,0.000612,1.00E-05,0.997211,7,,,,
IA-22-PB-04-08,IA,1.00E-05,0.086874,1.00E-05,1.00E-05,1.00E-05,1.00E-05,0.913076,7,,,,
WI-22-AB-03-07,WI,1.00E-05,0.747905,1.00E-05,1.00E-05,0.016449,1.00E-05,0.235606,2,,,,
WI-22-AB-08-01,WI,1.20E-05,0.97754,0.022408,1.00E-05,1.00E-05,1.00E-05,1.00E-05,2,,,,
MN-23-AA-02-15,MN,0.052136,1.00E-05,1.00E-05,1.00E-05,1.00E-05,0.947814,1.00E-05,6,,,,
GWAS-163-Hlesia,GW,1.00E-05,1.00E-05,1.00E-05,0.99994,1.00E-05,1.00E-05,1.00E-05,4,,GWAS-163-21UO_Stout,female,Unknown
NE-22-PB-02-05,NE,1.00E-05,0.074586,1.00E-05,1.00E-05,0.005654,1.00E-05,0.91972,7,,,,
GWAS-352-Oregon_Guava,GW,0.038544,1.00E-05,0.003076,1.00E-05,0.117266,0.841084,1.00E-05,6,,GWAS-352-WI-M-H-19-00104,Male,Feral
KS-22-PB-02-02,KS,0.002303,1.00E-05,1.00E-05,1.00E-05,1.00E-05,0.008839,0.988819,7,,,,
WI-22-AB-04-04,WI,1.00E-05,0.783811,1.00E-05,1.00E-05,0.008177,1.00E-05,0.207972,2,,,,
KS-22-PB-03-07,KS,0.005673,1.00E-05,1.00E-05,1.00E-05,1.00E-05,0.006903,0.987384,7,,,,
IL-22-PA-05-04,IL,0.118692,0.049633,1.00E-05,1.00E-05,1.00E-05,0.831635,1.00E-05,6,,,,
SD-23-AA-04-05,SD,0.036189,0.012099,1.00E-05,1.00E-05,1.00E-05,1.00E-05,0.951672,7,,,,
MN-23-AA-01-13,MN,1.00E-05,0.973981,1.00E-05,1.00E-05,0.025969,1.00E-05,1.00E-05,2,,,,
MN-23-AA-04-07,MN,0.015148,0.961684,0.000862,0.007339,0.014947,1.00E-05,1.00E-05,2,,,,
NE-22-PB-01-08,NE,0.070509,0.872017,0.021833,0.00206,0.011721,1.00E-05,0.02185,2,,,,
MN-23-AA-05-02,MN,1.00E-05,0.993311,0.006639,1.00E-05,1.00E-05,1.00E-05,1.00E-05,2,,,,
MO-22-PB-02-02,MO,1.00E-05,1.00E-05,1.10E-05,1.00E-05,1.00E-05,0.019614,0.980335,7,,,,
IL-22-AB-01-10,IL,0.025375,0.214103,1.00E-05,1.00E-05,1.00E-05,0.760482,1.00E-05,6,,,,
IN-22-MB-01-03,IN,0.841952,1.00E-05,1.00E-05,1.00E-05,1.00E-05,0.041366,0.116642,1,,,,
IL-22-PA-01-02,IL,0.038003,0.915679,0.011231,1.00E-05,0.032329,0.002739,1.00E-05,2,,,,
GWAS-145-Ex_Wife,GW,1.00E-05,0.103307,1.00E-05,0.003082,0.893571,1.00E-05,1.00E-05,5,,GWAS-145-Altair,Mono,Dual
GWAS-432-H_51,GW,1.00E-05,0.818221,0.000921,1.00E-05,0.180818,1.00E-05,1.00E-05,2,,GWAS-432-WI-M-H-20-104,,Feral
MN-23-AA-05-04,MN,0.00011,0.90919,1.00E-05,1.00E-05,0.090659,1.00E-05,1.00E-05,2,,,,
MO-22-PB-02-07,MO,1.00E-05,0.065219,1.00E-05,1.00E-05,1.00E-05,1.00E-05,0.934731,7,,,,
IL-22-PA-04-02,IL,1.00E-05,0.767862,1.00E-05,1.00E-05,1.00E-05,1.00E-05,0.232088,2,,,,
MN-23-AA-01-03,MN,0.008177,0.965816,1.00E-05,0.003529,0.022448,1.00E-05,1.00E-05,2,,,,
WI-22-AB-08-04,WI,0.007761,0.973321,0.012651,1.00E-05,0.006236,1.10E-05,1.00E-05,2,,,,
MN-23-AA-02-03,MN,0.050826,1.00E-05,1.00E-05,1.00E-05,1.00E-05,0.949124,1.00E-05,6,,,,
MO-22-PB-04-05,MO,0.04109,0.928326,0.01077,0.019783,1.00E-05,1.00E-05,1.00E-05,2,,,,
GWAS-223-WI-M-H-20-109,GW,1.00E-05,0.082959,1.00E-05,1.00E-05,0.916991,1.00E-05,1.00E-05,5,,GWAS-223-CFX-1,female,Dual
NE-22-PB-04-04,NE,0.161596,1.00E-05,0.003405,1.00E-05,1.00E-05,0.782251,0.052719,6,,,,
GWAS-348-Super_Wife,GW,1.00E-05,0.08677,1.00E-05,1.00E-05,0.91318,1.00E-05,1.00E-05,5,,GWAS-348-Henola,Mono,Dual
MN-23-AA-03-03,MN,1.00E-05,0.99994,1.00E-05,1.00E-05,1.00E-05,1.00E-05,1.00E-05,2,,,,
SD-23-AA-05-04,SD,0.014431,0.049135,1.00E-05,0.003249,1.00E-05,1.00E-05,0.933154,7,,,,
IL-22-PA-07-10,IL,0.118986,1.00E-05,1.00E-05,0.011042,1.00E-05,0.869932,1.00E-05,6,,,,
GWAS-380-WI-M-H-20-102,GW,1.00E-05,1.00E-05,1.00E-05,0.99994,1.00E-05,1.00E-05,1.00E-05,4,,GWAS-380-21UO_Spectrum,female,Cannabinoid
GWAS-384-Pine_Walker_Seedless,GW,1.00E-05,0.838228,1.00E-05,1.60E-05,0.161716,1.00E-05,1.00E-05,2,,GWAS-384-Farm_2_Plant_1,female,Feral
MO-22-PB-01-05,MO,1.00E-05,1.00E-05,1.00E-05,1.00E-05,1.00E-05,0.016512,0.983438,7,,,,
MN-23-AA-05-12,MN,1.00E-05,0.990814,1.00E-05,1.00E-05,0.009136,1.00E-05,1.00E-05,2,,,,
SD-23-AA-02-03,SD,1.00E-05,0.260263,0.010741,0.003901,1.00E-05,1.00E-05,0.725065,7,,,,
IL-23-AA-01-04,IL,0.026089,1.00E-05,1.00E-05,1.00E-05,1.00E-05,0.973861,1.00E-05,6,,,,
NE-22-PB-09-02,NE,0.079982,1.00E-05,1.00E-05,1.00E-05,1.00E-05,1.00E-05,0.919968,7,,,,
GWAS-127-Early_Cherry,GW,1.00E-05,1.00E-05,1.00E-05,0.99994,1.00E-05,1.00E-05,1.00E-05,4,,GWAS-127-Hot_Blonde,female,Cannabinoid
IA-22-PB-04-01,IA,0.029771,0.93969,0.004199,0.012938,0.013382,1.00E-05,1.00E-05,2,,,,
IL-22-PA-04-01,IL,1.00E-05,0.948335,1.00E-05,1.00E-05,0.051615,1.00E-05,1.00E-05,2,,,,
IL-22-PA-07-08,IL,0.045471,1.00E-05,1.00E-05,1.00E-05,1.00E-05,0.954479,1.00E-05,6,,,,
KS-22-PB-03-03,KS,1.00E-05,1.00E-05,1.00E-05,1.00E-05,1.00E-05,0.168231,0.831719,7,,,,
WI-22-AB-08-09,WI,1.00E-05,0.984013,0.012041,0.003905,1.00E-05,1.00E-05,1.00E-05,2,,,,
WI-22-AB-07-05,WI,1.00E-05,0.802291,1.00E-05,1.00E-05,1.00E-05,1.00E-05,0.197659,2,,,,
ND-23-AA-01-06,ND,1.00E-05,0.00357,1.00E-05,1.00E-05,1.00E-05,1.00E-05,0.99638,7,,,,
GWAS-210-Lara,GW,1.00E-05,1.00E-05,0.99994,1.00E-05,1.00E-05,1.00E-05,1.00E-05,3,,GWAS-210-Pipeline,female,Day
MO-22-PB-05-02,MO,0.062573,0.918974,0.001491,0.016932,1.00E-05,1.00E-05,1.00E-05,2,,,,
MN-23-AA-02-13,MN,1.00E-05,1.00E-05,1.00E-05,1.00E-05,1.00E-05,0.99994,1.00E-05,6,,,,
SD-23-AA-03-08a,SD,0.250913,1.00E-05,1.00E-05,0.005641,1.00E-05,0.718209,0.025207,6,,,,
GWAS-442-WI-M-H-19-00113,GW,0.034827,1.00E-05,1.00E-05,1.00E-05,0.114557,0.850576,1.00E-05,6,,GWAS-442-WI-M-H-20-110,Male,Feral
WI-22-AB-07-02,WI,1.00E-05,0.806744,1.00E-05,1.00E-05,0.006342,1.00E-05,0.186874,2,,,,
MN-23-AA-03-13,MN,0.025582,0.974368,1.00E-05,1.00E-05,1.00E-05,1.00E-05,1.00E-05,2,,,,
ND-23-AA-02-01,ND,1.00E-05,0.080778,1.00E-05,1.00E-05,0.029694,1.00E-05,0.889487,7,,,,
GWAS-138-21UO_Wife,GW,1.00E-05,0.833598,0.015696,0.017431,0.133245,1.00E-05,1.00E-05,2,,GWAS-138-WI-M-H-19-00105,Male,Feral
MO-22-PB-02-10,MO,1.00E-05,1.00E-05,1.00E-05,1.00E-05,1.00E-05,1.00E-05,0.99994,7,,,,
WI-22-AB-12-08,WI,1.00E-05,0.99213,0.001054,1.00E-05,0.006776,1.00E-05,1.00E-05,2,,,,
MN-23-AA-03-02,MN,0.027823,0.941596,1.00E-05,1.00E-05,0.030541,1.00E-05,1.00E-05,2,,,,
MO-22-PB-01-02,MO,1.00E-05,1.00E-05,1.00E-05,1.00E-05,1.00E-05,0.014559,0.985391,7,,,,
GWAS-134-WI-M-H-21-00100,GW,1.00E-05,0.787976,1.00E-05,0.004796,0.207188,1.00E-05,1.00E-05,2,,GWAS-134-WI-M-H-19-00107,Male,Feral
IL-22-AB-01-06,IL,1.00E-05,0.980733,1.00E-05,1.00E-05,0.019217,1.00E-05,1.00E-05,2,,,,
NE-22-PB-02-10,NE,1.00E-05,0.09598,1.00E-05,1.00E-05,1.00E-05,1.00E-05,0.90397,7,,,,
GWAS-374-Chinese_Hemp_Fiber_Planting_Seed,GW,1.00E-05,0.831178,1.00E-05,1.00E-05,0.168772,1.00E-05,1.00E-05,2,,GWAS-374-WI-M-H-20-104,Male,Feral
IL-22-PA-01-07,IL,0.081242,1.00E-05,1.00E-05,1.00E-05,1.00E-05,0.918708,1.00E-05,6,,,,
MN-23-AA-01-15,MN,0.096424,1.00E-05,1.00E-05,1.00E-05,1.00E-05,0.903526,1.00E-05,6,,,,
GWAS-205-Santium,GW,0.030063,1.00E-05,1.00E-05,1.00E-05,0.129948,0.83995,1.00E-05,6,,GWAS-205-WI-M-H-19-00111,Male,Feral
GWAS-377-Cherry_33202,GW,1.00E-05,1.00E-05,1.00E-05,1.00E-05,0.99994,1.00E-05,1.00E-05,5,,GWAS-377-Vega,Mono,Dual
GWAS-170-#5_33200,GW,1.00E-05,1.00E-05,0.215628,0.784322,1.00E-05,1.00E-05,1.00E-05,4,,GWAS-170-Santium,female,Cannabinoid
SD-23-AA-01-01,SD,1.00E-05,0.001503,1.00E-05,1.10E-05,1.00E-05,1.00E-05,0.998446,7,,,,
GWAS-406-21UO_Zaki',GW,1.00E-05,0.073599,0.076919,0.753779,0.095674,1.00E-05,1.00E-05,4,,GWAS-406-Apollo,female,Cannabinoid
GWAS-446-WI-M-H-20-110,GW,1.00E-05,0.838191,1.00E-05,1.00E-05,0.161759,1.00E-05,1.00E-05,2,,GWAS-446-WI-M-H-21-00103,female,Feral
MO-22-PB-02-06,MO,1.00E-05,0.082632,1.00E-05,1.00E-05,1.00E-05,1.00E-05,0.917318,7,,,,
NE-22-PB-08-01,NE,0.095101,0.039985,0.012135,0.011809,1.00E-05,1.00E-05,0.840951,7,,,,
IL-22-PA-07-02,IL,0.039329,0.000341,1.00E-05,1.00E-05,1.00E-05,0.960289,1.00E-05,6,,,,
WI-22-AB-06-05,WI,1.00E-05,0.803283,1.00E-05,1.00E-05,1.00E-05,1.00E-05,0.196667,2,,,,
GWAS-366-Otto_2,GW,1.00E-05,1.00E-05,0.026149,0.973801,1.00E-05,1.00E-05,1.00E-05,4,,GWAS-366-Silver_Lining,female,Cannabinoid
MO-22-PB-04-06,MO,0.045824,0.954126,1.00E-05,1.00E-05,1.00E-05,1.00E-05,1.00E-05,2,,,,
MO-22-PB-03-04,MO,1.00E-05,0.093906,0.005328,1.00E-05,1.20E-05,1.00E-05,0.900724,7,,,,
NE-22-PB-04-03,NE,1.00E-05,0.101434,0.00918,1.00E-05,0.000514,1.00E-05,0.888843,7,,,,
MN-23-AA-02-10,MN,0.02812,1.00E-05,1.00E-05,1.00E-05,1.00E-05,0.97183,1.00E-05,6,,,,
GWAS-399-WI-M-H-19-00103,GW,1.00E-05,0.026895,1.00E-05,1.00E-05,0.973055,1.00E-05,1.00E-05,5,,GWAS-399-CFX-1,female,Dual
SD-23-AA-05-01,SD,0.000536,0.036001,0.002,1.00E-05,1.00E-05,1.00E-05,0.961434,7,,,,
GWAS-351-Oregon_Guava,GW,1.00E-05,1.00E-05,0.99994,1.00E-05,1.00E-05,1.00E-05,1.00E-05,3,,GWAS-351-Auto_Pilot_1.0,female,Day
SD-23-AA-03-08b,SD,1.00E-05,0.004058,0.00117,1.00E-05,1.00E-05,1.00E-05,0.994731,7,,,,
MN-23-AA-02-09,MN,0.051344,1.00E-05,1.00E-05,1.00E-05,1.00E-05,0.948606,1.00E-05,6,,,,
SD-23-AA-04-09,SD,0.097903,1.00E-05,1.00E-05,0.000785,1.00E-05,0.076686,0.824597,7,,,,
IL-22-AB-01-04,IL,1.00E-05,0.989172,1.00E-05,1.00E-05,0.010778,1.00E-05,1.00E-05,2,,,,
GWAS-159-WI-M-H-19-00105,GW,1.00E-05,1.00E-05,0.823548,0.176402,1.00E-05,1.00E-05,1.00E-05,3,,GWAS-159-QPPLG1151,female,Day
NE-22-PB-04-05,NE,1.00E-05,0.034345,1.00E-05,1.30E-05,1.20E-05,1.00E-05,0.9656,7,,,,
GWAS-155-WI-M-H-19-00107,GW,1.00E-05,0.76119,0.012771,0.011734,0.214275,1.00E-05,1.00E-05,2,,GWAS-155-WI-M-H-19-00109,female,Feral
KS-22-PB-04-03,KS,1.00E-05,1.00E-05,1.00E-05,1.00E-05,1.00E-05,1.00E-05,0.99994,7,,,,
GWAS-418-Henola,GW,1.00E-05,1.00E-05,0.098982,0.900968,1.00E-05,1.00E-05,1.00E-05,4,,GWAS-418-Queen_Dream,female,Cannabinoid
WI-22-AB-04-05,WI,1.00E-05,1.00E-05,1.00E-05,1.00E-05,1.00E-05,0.99994,1.00E-05,6,,,,
GWAS-395-WI-M-H-20-112,GW,1.00E-05,1.00E-05,0.888708,0.111242,1.00E-05,1.00E-05,1.00E-05,3,,GWAS-395-QPPLG1151,female,Day
SD-23-AA-01-07,SD,1.00E-05,1.00E-05,1.00E-05,1.00E-05,1.00E-05,1.00E-05,0.99994,7,,,,
WI-22-AB-03-10,WI,0.028627,0.003076,1.00E-05,1.00E-05,1.00E-05,0.968257,1.00E-05,6,,,,
IL-22-PA-01-08,IL,0.005829,0.966522,0.011393,1.00E-05,0.016227,1.00E-05,1.00E-05,2,,,,
MO-22-PB-03-01,MO,1.00E-05,0.095551,1.00E-05,1.00E-05,1.00E-05,1.00E-05,0.904399,7,,,,
MN-23-AA-03-09,MN,1.00E-05,0.999934,1.00E-05,1.60E-05,1.00E-05,1.00E-05,1.00E-05,2,,,,
MO-22-PB-03-05,MO,0.107622,1.00E-05,1.00E-05,1.00E-05,1.00E-05,0.873548,0.01879,6,,,,
MN-23-AA-02-11,MN,1.00E-05,0.284158,1.00E-05,1.00E-05,1.00E-05,0.715792,1.00E-05,6,,,,
ND-23-AA-01-05,ND,1.00E-05,0.051792,1.00E-05,1.00E-05,1.00E-05,1.00E-05,0.948158,7,,,,
NE-22-PB-09-01,NE,0.10251,0.112731,0.009508,0.017317,1.00E-05,1.00E-05,0.757915,7,,,,
IN-22-MB-01-06,IN,0.99994,1.00E-05,1.00E-05,1.00E-05,1.00E-05,1.00E-05,1.00E-05,1,,,,
GWAS-224-Hempress_2_33206,GW,0.014593,1.00E-05,1.00E-05,1.00E-05,0.822331,0.163036,1.00E-05,5,,GWAS-224-CFX-1,female,Dual
MN-23-AA-02-08,MN,0.042045,1.00E-05,1.00E-05,1.00E-05,1.00E-05,0.957905,1.00E-05,6,,,,
NE-22-PB-03-01,NE,0.083738,0.879699,1.00E-05,0.036523,1.00E-05,1.00E-05,1.00E-05,2,,,,
MO-22-PB-02-05,MO,1.00E-05,1.00E-05,1.00E-05,1.00E-05,1.00E-05,0.025398,0.974552,7,,,,
IA-22-PB-04-10,IA,1.00E-05,0.04818,1.00E-05,1.00E-05,0.004954,1.00E-05,0.946825,7,,,,
GWAS-196-WI-M-H-19-00112,GW,1.00E-05,0.802739,1.50E-05,1.90E-05,0.197197,1.00E-05,1.00E-05,2,,GWAS-196-WI-M-H-20-100,female,Feral
MN-23-AA-01-08,MN,0.040009,0.928728,0.004512,0.002658,0.024073,1.00E-05,1.00E-05,2,,,,
GWAS-422-Auto_Pilot_1.0,GW,1.00E-05,1.00E-05,1.00E-05,1.00E-05,0.99994,1.00E-05,1.00E-05,5,,GWAS-422-Hliana,Mono,Dual
GWAS-144-Ex_Wife,GW,1.00E-05,1.00E-05,1.80E-05,0.999932,1.00E-05,1.00E-05,1.00E-05,4,,GWAS-144-#5_33200,female,Cannabinoid
GWAS-454-Vega,GW,1.00E-05,1.00E-05,1.00E-05,1.00E-05,0.99994,1.00E-05,1.00E-05,5,,GWAS-454-Grandi,female,Dual
WI-22-AB-01-05,WI,1.00E-05,0.967923,0.016748,1.00E-05,0.01529,1.00E-05,1.00E-05,2,,,,
WI-22-AB-04-09,WI,1.00E-05,1.00E-05,1.00E-05,1.00E-05,1.00E-05,0.753439,0.246511,6,,,,
WI-22-AB-07-08,WI,1.00E-05,0.804979,1.00E-05,1.00E-05,0.006116,1.00E-05,0.188865,2,,,,
GWAS-216-Lara,GW,1.00E-05,0.806039,0.004182,1.00E-05,0.189738,1.10E-05,1.00E-05,2,,GWAS-216-WI-M-H-20-108,Male,Feral
GWAS-347-Super_Wife,GW,1.00E-05,0.097164,0.019524,0.011277,0.872005,1.00E-05,1.00E-05,5,,GWAS-347-Henola,Mono,Dual
SD-23-AA-03-10,SD,1.00E-05,0.098404,0.009787,1.00E-05,1.00E-05,1.00E-05,0.891769,7,,,,
GWAS-381-WI-M-H-20-102,GW,1.00E-05,1.00E-05,1.00E-05,0.99994,1.00E-05,1.00E-05,1.00E-05,4,,GWAS-381-21UO_Spectrum,female,Cannabinoid
MN-22-AB-01-05,MN,0.007859,0.973715,1.00E-05,1.00E-05,0.018386,1.00E-05,1.00E-05,2,,,,
MN-23-AA-03-14,MN,1.30E-05,0.999937,1.00E-05,1.00E-05,1.00E-05,1.00E-05,1.00E-05,2,,,,
GWAS-126-Early_Cherry,GW,1.00E-05,1.00E-05,0.236208,0.758258,0.005494,1.00E-05,1.00E-05,4,,GWAS-126-Ex_Wife,female,Cannabinoid
NE-22-PB-05-01,NE,0.028801,1.00E-05,1.00E-05,0.008467,1.00E-05,0.036507,0.926195,7,,,,
MN-23-AA-02-01,MN,0.013775,1.00E-05,1.00E-05,1.00E-05,1.00E-05,0.986175,1.00E-05,6,,,,
IL-23-AA-01-08,IL,0.009172,1.00E-05,1.00E-05,1.00E-05,1.00E-05,0.990778,1.00E-05,6,,,,
GWAS-185-QPPL151,GW,0.019261,0.026128,0.213317,0.710676,0.030599,1.00E-05,1.00E-05,4,,GWAS-185-Hempress_2_33206,,Cannabinoid
NE-22-PB-02-08,NE,1.00E-05,0.065071,1.00E-05,0.00384,1.20E-05,1.00E-05,0.931047,7,,,,
MN-23-AA-05-14,MN,0.025218,0.957745,1.00E-05,0.016997,1.00E-05,1.00E-05,1.00E-05,2,,,,
IA-22-PB-05-03,IA,1.00E-05,0.088232,1.00E-05,1.00E-05,1.00E-05,1.00E-05,0.911718,7,,,,
MN-23-AA-02-02,MN,0.016749,1.00E-05,1.00E-05,1.00E-05,1.00E-05,0.983201,1.00E-05,6,,,,
WI-22-AB-11-08,WI,1.00E-05,0.99994,1.00E-05,1.00E-05,1.00E-05,1.00E-05,1.00E-05,2,,,,
MO-22-PB-04-02,MO,0.048824,0.934655,0.011205,0.005286,1.00E-05,1.00E-05,1.00E-05,2,,,,
GWAS-369-Otto_2,GW,1.00E-05,0.818888,1.00E-05,1.00E-05,0.181062,1.00E-05,1.00E-05,2,,GWAS-369-WI-M-H-19-00113,Male,Feral
NE-22-PB-03-09,NE,1.00E-05,1.00E-05,1.00E-05,1.00E-05,1.00E-05,1.00E-05,0.99994,7,,,,
WI-22-AB-11-05,WI,1.00E-05,0.99994,1.00E-05,1.00E-05,1.00E-05,1.00E-05,1.00E-05,2,,,,
GWAS-119-21UO04_Boone_County_Feral,GW,1.00E-05,1.00E-05,1.00E-05,0.99994,1.00E-05,1.00E-05,1.00E-05,4,,GWAS-119-21UO_Wife,female,Cannabinoid
GWAS-137-21UO_Wife,GW,1.00E-05,0.789694,0.002877,0.030792,0.176608,1.00E-05,1.00E-05,2,,GWAS-137-WI-M-H-19-00105,Male,Feral
MN-23-AA-03-10,MN,1.00E-05,0.804905,1.00E-05,1.00E-05,1.00E-05,1.00E-05,0.195045,2,,,,
GWAS-358-Magic_Bullet_5,GW,1.00E-05,0.155183,1.00E-05,1.00E-05,0.844767,1.00E-05,1.00E-05,5,,GWAS-358-H_51,Mono,Fiber
MN-23-AA-02-05,MN,0.02776,1.00E-05,1.00E-05,1.00E-05,1.00E-05,0.97219,1.00E-05,6,,,,
NE-22-PB-02-09,NE,0.081563,0.863444,0.002615,0.028687,0.023671,1.00E-05,1.00E-05,2,,,,
GWAS-373-Stormy,GW,1.00E-05,0.810731,1.00E-05,1.00E-05,0.189219,1.00E-05,1.00E-05,2,,GWAS-373-WI-M-H-20-110,female,Feral
SD-23-AA-03-03,SD,0.00378,0.114177,1.00E-05,0.002799,1.00E-05,1.00E-05,0.879214,7,,,,
MN-23-AA-02-14,MN,1.00E-05,1.00E-05,1.00E-05,1.00E-05,1.00E-05,0.99994,1.00E-05,6,,,,
MO-22-PB-02-04,MO,1.00E-05,1.00E-05,1.00E-05,1.00E-05,1.00E-05,1.00E-05,0.99994,7,,,,
MO-22-PB-04-01,MO,0.078599,0.903193,0.007774,0.010404,1.00E-05,1.00E-05,1.00E-05,2,,,,
SD-23-AA-02-07,SD,0.007694,1.00E-05,0.007657,1.00E-05,1.00E-05,1.00E-05,0.98461,7,,,,
WI-22-AB-12-06,WI,1.00E-05,0.957884,1.50E-05,1.00E-05,0.02144,0.020631,1.00E-05,2,,,,
MO-22-PB-01-04,MO,1.00E-05,1.00E-05,1.00E-05,1.00E-05,1.00E-05,1.00E-05,0.99994,7,,,,
MN-23-AA-04-01,MN,1.00E-05,1.00E-05,1.00E-05,1.00E-05,1.00E-05,0.26192,0.73803,7,,,,
ND-23-AA-02-14,ND,0.0725,1.00E-05,1.00E-05,1.00E-05,1.00E-05,0.045623,0.881837,7,,,,
GWAS-208-WI-M-H-19-00100a,GW,1.00E-05,1.00E-05,0.99994,1.00E-05,1.00E-05,1.00E-05,1.00E-05,3,,GWAS-208-Pipeline,female,Day
IL-23-AA-02-01,IL,1.00E-05,0.817368,1.00E-05,1.00E-05,1.00E-05,1.00E-05,0.182582,2,,,,
MN-23-AA-03-01,MN,0.025052,0.935995,1.00E-05,1.00E-05,0.038913,1.00E-05,1.00E-05,2,,,,
GWAS-445-WI-M-H-19-00113,GW,0.024972,1.00E-05,1.00E-05,1.00E-05,0.143632,0.831356,1.00E-05,6,,GWAS-445-WI-M-H-21-00103,female,Feral
NE-23-ID-01-02,NE,0.049678,0.003676,1.10E-05,0.009964,1.00E-05,1.00E-05,0.936651,7,,,,
GWAS-89-21UO_PI-22-15,GW,1.00E-05,1.00E-05,0.191464,0.808486,1.00E-05,1.00E-05,1.00E-05,4,,GWAS-89-The_Grand,female,Cannabinoid
SD-23-JH-08-13,SD,1.00E-05,1.00E-05,1.00E-05,1.00E-05,0.013152,1.00E-05,0.986798,7,,,,
SD-23-JH-06-03,SD,0.057194,1.00E-05,1.00E-05,1.00E-05,1.00E-05,1.00E-05,0.942756,7,,,,
WI-23-NS-01-02,WI,1.00E-05,0.742327,1.00E-05,1.00E-05,1.00E-05,1.00E-05,0.257623,2,,,,
GWAS-284-Special_Sauce,GW,1.00E-05,1.00E-05,0.99994,1.00E-05,1.00E-05,1.00E-05,1.00E-05,3,,GWAS-284-199_ENO,female,Cannabinoid
GWAS-288-Maverick,GW,1.00E-05,0.821217,1.00E-05,0.017008,0.161735,1.00E-05,1.00E-05,2,,GWAS-288-WI-M-H-20-114,Male,Feral
NE-23-JB-02-05,NE,0.068211,1.00E-05,1.00E-05,1.00E-05,1.00E-05,1.00E-05,0.931739,7,,,,
IA-23-KL-01-08,IA,0.0877,1.00E-05,1.00E-05,1.00E-05,1.00E-05,1.00E-05,0.91225,7,,,,
GWAS-291-Forbidden_V,GW,1.00E-05,1.00E-05,1.70E-05,0.999933,1.00E-05,1.00E-05,1.00E-05,4,,GWAS-291-Super_Wife,female,Cannabinoid
GWAS-307-WI-M-H-19-00102,GW,1.00E-05,1.00E-05,1.00E-05,0.99994,1.00E-05,1.00E-05,1.00E-05,4,,GWAS-307-Stormy,female,Cannabinoid
GWAS-26-Lifter,GW,1.00E-05,0.118994,0.006449,1.00E-05,0.874517,1.00E-05,1.00E-05,5,,GWAS-26-CFX-2,Male,Dual
IN-23-MB-01-04,IN,0.779345,0.208461,1.80E-05,1.70E-05,1.00E-05,1.00E-05,0.012139,1,,,,
G33199-22GI-SD-J,NY,1.90E-05,0.111784,1.00E-05,1.00E-05,0.086016,0.802151,1.00E-05,6,,,,
GWAS-55-202_EVY,GW,0.005728,0.082059,0.083202,0.731892,0.0971,1.00E-05,1.00E-05,4,,GWAS-55-Futura,female,Fiber
IN-23-MB-01-09,IN,0.785812,1.00E-05,1.60E-05,1.00E-05,1.00E-05,0.116282,0.097859,1,,,,
IA-23-KL-01-03,IA,1.00E-05,0.111049,1.00E-05,1.00E-05,1.00E-05,1.00E-05,0.888901,7,,,,
GWAS-263-WI-M-H-20-108,GW,1.00E-05,1.00E-05,0.859719,0.140231,1.00E-05,1.00E-05,1.00E-05,3,,GWAS-263-QPPLG1148,female,Day
SD-23-JH-08-07,SD,1.00E-05,0.056594,1.00E-05,1.00E-05,1.00E-05,1.00E-05,0.943356,7,,,,
GWAS-343-WI-M-H-20-114,GW,1.00E-05,0.057056,0.123732,0.798686,0.020496,1.00E-05,1.00E-05,4,,GWAS-343-Ruby_#1,female,Cannabinoid
GWAS-295-Bubbatonic,GW,1.00E-05,1.00E-05,0.950204,0.049746,1.00E-05,1.00E-05,1.00E-05,3,,GWAS-295-QPPLG1090,female,Day
NE-23-JB-03-01,NE,0.077201,1.00E-05,1.00E-05,1.00E-05,1.00E-05,0.044906,0.877853,7,,,,
GWAS-299-WI-M-H-19-00110,GW,1.00E-05,1.00E-05,0.074547,0.925403,1.00E-05,1.00E-05,1.00E-05,4,,GWAS-299-Magic_Bullet_5,female,Cannabinoid
SD-23-JH-06-13,SD,0.061127,1.00E-05,1.00E-05,1.00E-05,1.00E-05,1.00E-05,0.938823,7,,,,
GWAS-252-WI-M-H-19-00111,GW,1.00E-05,0.849275,0.001477,1.00E-05,0.149208,1.00E-05,1.00E-05,2,,GWAS-252-WI-M-H-21-00103,female,Feral
SD-23-JH-08-12,SD,0.030828,1.00E-05,1.00E-05,1.00E-05,1.00E-05,1.00E-05,0.969122,7,,,,
GWAS-318-QPPL148,GW,1.00E-05,0.822725,1.90E-05,1.00E-05,0.177216,1.00E-05,1.00E-05,2,,GWAS-318-WI-M-H-20-102,Male,Feral
NE-23-JB-02-06,NE,0.076028,1.00E-05,1.00E-05,1.00E-05,1.00E-05,0.088006,0.835926,7,,,,
GWAS-259-Amaze_Auto,GW,1.00E-05,1.00E-05,1.80E-05,1.00E-05,0.999932,1.00E-05,1.00E-05,5,,GWAS-259-Picolo,female,Dual
GWAS-84-WI-M-H-20-113,GW,1.00E-05,1.00E-05,0.057534,0.932909,0.009518,1.00E-05,1.00E-05,4,,GWAS-84-Eighty_Eight,female,Cannabinoid
Idalia-B4-CO,CO,0.04475,1.00E-05,1.00E-05,1.00E-05,1.00E-05,1.00E-05,0.9552,7,,,,
NE-23-JB-03-02,NE,0.054202,1.00E-05,1.00E-05,1.00E-05,1.00E-05,1.00E-05,0.945748,7,,,,
GWAS-102-The_Grand,GW,1.00E-05,1.00E-05,0.763504,0.236446,1.00E-05,1.00E-05,1.00E-05,3,,GWAS-102-Umpqua,female,Cannabinoid
GWAS-314-Picolo,GW,1.00E-05,1.00E-05,1.00E-05,0.99994,1.00E-05,1.00E-05,1.00E-05,4,,GWAS-314-Cherry_33202,female,Cannabinoid
GWAS-73-Ultra_Women,GW,1.00E-05,1.00E-05,1.00E-05,1.00E-05,0.99994,1.00E-05,1.00E-05,5,,GWAS-73-Hliana,Mono,Dual
GWAS-23-Lifter,GW,1.00E-05,0.005389,0.032457,0.931432,0.030691,1.00E-05,1.00E-05,4,,GWAS-23-Franklin,female,Cannabinoid
NE-23-JB-05-06,NE,0.118985,1.00E-05,1.00E-05,1.00E-05,1.00E-05,1.00E-05,0.880965,7,,,,
G33199-22GI-SD-Eb,NY,1.00E-05,1.00E-05,1.00E-05,1.00E-05,1.00E-05,0.99994,1.00E-05,6,,,,
SD-23-JH-08-19,SD,0.028984,1.00E-05,1.00E-05,1.00E-05,1.00E-05,1.00E-05,0.970966,7,,,,
IN-23-MB-01-07,IN,0.872256,1.00E-05,1.70E-05,1.00E-05,1.00E-05,0.037322,0.090375,1,,,,
SD-23-JH-08-05,SD,1.00E-05,0.031271,1.00E-05,1.00E-05,1.00E-05,1.00E-05,0.968679,7,,,,
Idalia-B3-CO,CO,0.133699,0.008635,0.112833,0.744803,1.00E-05,1.00E-05,1.00E-05,4,,,,
NE-23-JB-01-01,NE,0.088295,0.02932,1.40E-05,1.00E-05,1.00E-05,1.00E-05,0.882341,7,,,,
NE-23-JB-01-05,NE,0.068444,1.00E-05,1.00E-05,1.00E-05,1.00E-05,1.00E-05,0.931506,7,,,,
SD-23-JH-06-05,SD,0.054027,1.00E-05,1.00E-05,1.00E-05,1.00E-05,1.00E-05,0.945923,7,,,,
GWAS-237-Early_Nueve,GW,1.00E-05,0.824203,0.004985,0.00103,0.169752,1.00E-05,1.00E-05,2,,GWAS-237-WI-M-H-20-00115,Male,Feral
NE-23-JB-02-02,NE,0.035518,1.00E-05,1.00E-05,1.00E-05,1.00E-05,1.00E-05,0.964432,7,,,,
SD-23-JH-06-11,SD,0.078365,1.00E-05,1.00E-05,1.00E-05,1.00E-05,1.00E-05,0.921585,7,,,,
SD-23-JH-08-14,SD,0.030882,1.00E-05,1.00E-05,1.00E-05,1.00E-05,1.00E-05,0.969068,7,,,,
GWAS-326-Futura_83,GW,1.00E-05,1.00E-05,1.90E-05,1.00E-05,0.999931,1.00E-05,1.00E-05,5,,GWAS-326-Grandi,female,Dual
NE-23-JB-03-04,NE,0.058361,0.092754,1.00E-05,0.003371,0.002293,1.00E-05,0.843202,7,,,,
GWAS-96-Eighty_Eight,GW,1.00E-05,0.067352,1.00E-05,1.00E-05,0.932598,1.00E-05,1.00E-05,5,,GWAS-96-Bialobrzeskie,Mono,Fiber
SD-23-JH-08-20,SD,0.005247,1.00E-05,1.00E-05,1.00E-05,1.00E-05,1.00E-05,0.994703,7,,,,
IN-23-MB-01-14,IN,0.99994,1.00E-05,1.00E-05,1.00E-05,1.00E-05,1.00E-05,1.00E-05,1,,,,
GWAS-62-Sour_Pineapple,GW,1.00E-05,1.00E-05,0.128996,0.870954,1.00E-05,1.00E-05,1.00E-05,4,,GWAS-62-Rogue,female,Cannabinoid
NE-23-JB-01-03,NE,0.065556,1.00E-05,1.00E-05,1.00E-05,1.00E-05,1.00E-05,0.934394,7,,,,
SD-23-JH-08-02,SD,0.056202,1.00E-05,1.00E-05,1.00E-05,1.00E-05,1.00E-05,0.943748,7,,,,
SD-23-JH-07-19,SD,0.144514,1.00E-05,1.00E-05,0.009257,1.00E-05,0.744824,0.101375,6,,,,
GWAS-285-WI-M-H-20-00115,GW,1.00E-05,1.00E-05,0.950525,0.049425,1.00E-05,1.00E-05,1.00E-05,3,,GWAS-285-199_ENO,female,Cannabinoid
GWAS-34-CFX-2,GW,1.00E-05,0.053796,0.10185,0.763104,0.081221,1.00E-05,1.00E-05,4,,GWAS-34-Apollo,female,Cannabinoid
GWAS-308-EPG,GW,1.00E-05,1.00E-05,1.00E-05,0.99994,1.00E-05,1.00E-05,1.00E-05,4,,GWAS-308-Stormy,female,Cannabinoid
SD-23-JH-07-03,SD,0.028142,1.00E-05,1.00E-05,1.10E-05,1.00E-05,0.016512,0.955305,7,,,,
GWAS-292-Forbidden_V,GW,0.009068,1.00E-05,0.14218,0.84851,0.000212,1.00E-05,1.00E-05,4,,GWAS-292-Oregon_Guava,female,Cannabinoid
GWAS-27-ChinMa,GW,1.00E-05,0.041206,1.00E-05,1.00E-05,0.958744,1.00E-05,1.00E-05,5,,GWAS-27-CFX-2,female,Dual
GWAS-274-CFX-1,GW,0.010575,1.00E-05,1.40E-05,1.00E-05,0.110431,0.87895,1.00E-05,6,,GWAS-274-WI-M-H-20-106,female,Feral
SD-23-JH-07-07,SD,0.031736,0.203651,1.00E-05,0.020953,1.00E-05,1.00E-05,0.74363,7,,,,
GWAS-40-Eletta_Campana,GW,1.00E-05,0.097295,1.00E-05,0.000447,0.902218,1.00E-05,1.00E-05,5,,GWAS-40-Santhica 70,Mono,Fiber
SD-23-JH-07-02,SD,0.011622,0.004503,1.00E-05,1.00E-05,0.014306,1.00E-05,0.96954,7,,,,
GWAS-54-202_EVY,GW,1.00E-05,0.091307,0.113799,0.706676,0.088188,1.00E-05,1.00E-05,4,,GWAS-54-Sour_Pineapple,female,Cannabinoid
NE-23-JB-03-05,NE,0.128113,1.00E-05,1.80E-05,1.00E-05,1.00E-05,0.019616,0.852222,7,,,,
GWAS-271-CFX-1,GW,0.01531,1.00E-05,1.00E-05,1.00E-05,0.1069,0.87775,1.00E-05,6,,GWAS-271-WI-M-H-19-00106,female,Feral
IL-23-AA-04-01,IL,1.00E-05,0.94676,1.00E-05,1.00E-05,0.047704,0.005497,1.00E-05,2,,,,
G33199-22GI-SD-G,NY,1.00E-05,0.11371,1.00E-05,1.00E-05,0.073167,0.813084,1.00E-05,6,,,,
GWAS-296-Bubbatonic,GW,1.00E-05,1.00E-05,0.937249,0.062701,1.00E-05,1.00E-05,1.00E-05,3,,GWAS-296-QPPLG1090,female,Day
GWAS-333-WI-M-H-20-106,GW,1.00E-05,0.860033,1.00E-05,1.00E-05,0.139917,1.00E-05,1.00E-05,2,,GWAS-333-WI-M-H-19-00103,Male,Feral
GWAS-300-WI-M-H-19-00110,GW,1.00E-05,1.00E-05,0.103494,0.844366,0.052099,1.00E-05,1.00E-05,4,,GWAS-300-Magic_Bullet_5,female,Cannabinoid
GWAS-336-Dr_Chunk,GW,0.061006,1.00E-05,1.00E-05,1.00E-05,0.123764,0.81519,1.00E-05,6,,GWAS-336-WI-M-H-20-103,Male,Feral
SD-23-JH-08-16,SD,1.00E-05,0.007094,1.00E-05,1.00E-05,1.00E-05,1.00E-05,0.992856,7,,,,
GWAS-342-199_ENO,GW,1.00E-05,0.797431,1.00E-05,1.00E-05,0.202519,1.00E-05,1.00E-05,2,,GWAS-342-WI-M-H-19-00100b,Male,Feral
GWAS-104-The_Grand,GW,0.128306,1.00E-05,0.008192,0.020173,0.099918,0.743391,1.00E-05,6,,GWAS-104-21UO04_Boone_County_Feral,Male,Feral
IN-23-MB-01-12,IN,0.99994,1.00E-05,1.00E-05,1.00E-05,1.00E-05,1.00E-05,1.00E-05,1,,,,
GWAS-258-Amaze_Auto,GW,1.00E-05,1.00E-05,0.281905,0.718045,1.00E-05,1.00E-05,1.00E-05,4,,GWAS-258-EPG,female,Cannabinoid
IA-23-KL-01-10,IA,0.001687,0.064698,1.50E-05,1.00E-05,1.00E-05,1.00E-05,0.93357,7,,,,
WI-23-SE-01-01,WI,0.015634,0.95064,1.00E-05,1.00E-05,0.033687,1.00E-05,1.00E-05,2,,,,
GWAS-341-199_ENO,GW,1.00E-05,0.809711,1.00E-05,1.00E-05,0.190239,1.00E-05,1.00E-05,2,,GWAS-341-WI-M-H-19-00100b,female,Feral
SD-23-JH-06-09,SD,0.003056,0.212905,0.015247,1.00E-05,0.013804,1.00E-05,0.754967,7,,,,
IL-23-AA-04-02,IL,0.109908,1.00E-05,1.00E-05,1.00E-05,1.00E-05,0.890042,1.00E-05,6,,,,
NE-23-JB-03-06,NE,0.111078,1.00E-05,1.00E-05,1.00E-05,1.00E-05,1.00E-05,0.888872,7,,,,
GWAS-289-Maverick,GW,1.00E-05,1.00E-05,1.00E-05,0.99994,1.00E-05,1.00E-05,1.00E-05,4,,GWAS-289-Super_Wife,female,Cannabinoid
SD-23-JH-08-03,SD,0.054351,1.00E-05,1.00E-05,1.00E-05,0.001974,1.00E-05,0.943635,7,,,,
SD-23-JH-07-06,SD,1.00E-05,0.012811,1.00E-05,1.00E-05,1.00E-05,1.00E-05,0.987139,7,,,,
IA-23-JA-01-06,IA,1.00E-05,0.991178,0.005406,0.003376,1.00E-05,1.00E-05,1.00E-05,2,,,,
GWAS-101-Hempress_3_33207,GW,1.00E-05,0.013771,0.814676,0.168985,0.002537,1.00E-05,1.00E-05,3,,GWAS-101-Umpqua,female,Cannabinoid
Idalia-B7-CO,CO,0.016957,1.00E-05,1.00E-05,1.00E-05,1.00E-05,1.00E-05,0.982993,7,,,,
IA-23-KL-01-05,IA,0.100929,0.043356,1.00E-05,0.005024,1.00E-05,1.00E-05,0.850662,7,,,,
WI-23-NP-01-01,WI,0.008712,0.976882,1.00E-05,1.00E-05,0.014365,1.00E-05,1.00E-05,2,,,,
SD-23-JH-06-12,SD,0.001252,1.00E-05,1.00E-05,1.00E-05,1.00E-05,1.00E-05,0.998698,7,,,,
GWAS-339-WI-M-H-21-00104,GW,0.015815,1.00E-05,1.00E-05,1.00E-05,0.086939,1.00E-05,0.897206,7,,GWAS-339-21UO Zaki',Male,Unknown
SD-23-JH-08-15,SD,0.003879,0.05617,1.00E-05,0.016529,0.078765,1.00E-05,0.844636,7,,,,
SD-23-JH-08-09,SD,0.048422,0.007639,0.019764,1.00E-05,0.057756,1.00E-05,0.866399,7,,,,
NE-23-JB-03-03,NE,0.115881,1.00E-05,1.00E-05,1.00E-05,1.00E-05,0.058115,0.825963,7,,,,
SD-23-JH-06-06,SD,0.057986,1.00E-05,1.00E-05,1.00E-05,1.00E-05,1.00E-05,0.941964,7,,,,
SD-23-JH-07-11,SD,0.019174,1.00E-05,1.00E-05,1.00E-05,1.00E-05,1.00E-05,0.980776,7,,,,
NE-23-ID-01-01,NE,0.086624,1.00E-05,1.00E-05,1.00E-05,1.00E-05,0.005441,0.907895,7,,,,
GWAS-95-Eighty_Eight,GW,1.00E-05,0.007885,1.00E-05,1.00E-05,0.992065,1.00E-05,1.00E-05,5,,GWAS-95-Bialobrzeskie,Mono,Fiber
SD-23-JH-08-10,SD,1.00E-05,0.122354,0.001098,0.033169,0.011521,1.00E-05,0.831839,7,,,,
SD-23-JH-08-18,SD,0.021292,1.00E-05,1.00E-05,1.00E-05,1.00E-05,1.00E-05,0.978658,7,,,,
SD-23-JH-08-06,SD,0.02448,1.00E-05,1.00E-05,1.00E-05,0.041081,1.00E-05,0.934399,7,,,,
NE-23-JB-01-02,NE,0.108602,1.00E-05,1.60E-05,1.00E-05,1.00E-05,0.034186,0.857166,7,,,,
GWAS-99-Hempress_3_33207,GW,0.013002,1.00E-05,0.239985,0.735421,0.011562,1.00E-05,1.00E-05,4,,GWAS-99-Oregon_Sweetgum_F1,female,Cannabinoid
WI-23-NP-01-04,WI,0.085815,1.00E-05,1.00E-05,1.00E-05,1.00E-05,0.914135,1.00E-05,6,,,,
GWAS-65-Futura,GW,1.00E-05,1.00E-05,1.00E-05,0.99994,1.00E-05,1.00E-05,1.00E-05,4,,GWAS-65-Ultra_Women,female,Cannabinoid
GWAS-82-WI-M-H-20-113,GW,0.028189,0.03472,0.018435,0.812303,0.106329,1.30E-05,1.00E-05,4,,GWAS-82-Eighty_Eight,female,Cannabinoid
GWAS-35-CFX-2,GW,1.00E-05,0.046938,0.100942,0.725486,0.126604,1.00E-05,1.00E-05,4,,GWAS-35-Apollo,female,Cannabinoid
GWAS-293-Forbidden_V,GW,1.00E-05,1.90E-05,0.154784,0.845157,1.00E-05,1.00E-05,1.00E-05,4,,GWAS-293-Oregon_Guava,female,Cannabinoid
IN-23-MB-01-05,IN,0.79222,1.00E-05,1.30E-05,1.00E-05,1.00E-05,0.131649,0.076088,1,,,,
GWAS-290-Maverick,GW,1.00E-05,1.00E-05,1.00E-05,0.99994,1.00E-05,1.00E-05,1.00E-05,4,,GWAS-290-Super_Wife,female,Cannabinoid
SD-23-JH-06-19,SD,1.00E-05,0.210317,0.007902,1.00E-05,0.028798,1.00E-05,0.752953,7,,,,
GWAS-53-White_CBG_,GW,1.00E-05,0.116649,0.07498,0.719501,0.088841,1.00E-05,1.00E-05,4,,GWAS-53-Sour_Pineapple,female,Cannabinoid
NE-23-JB-01-04,NE,0.131056,0.111598,1.00E-05,0.002592,1.00E-05,1.00E-05,0.754724,7,,,,
Idalia-B5b-CO,CO,0.090542,0.097787,0.005115,1.00E-05,1.00E-05,0.025105,0.781431,7,,,,
SD-23-JH-06-14,SD,0.038344,1.00E-05,1.00E-05,1.00E-05,1.00E-05,1.00E-05,0.961606,7,,,,
GWAS-272-CFX-1,GW,0.00018,1.00E-05,0.003781,1.00E-05,0.116054,0.879955,1.00E-05,6,,GWAS-272-WI-M-H-19-00106,female,Feral
GWAS-297-Bubbatonic,GW,1.00E-05,1.00E-05,0.967736,0.032214,1.00E-05,1.00E-05,1.00E-05,3,,GWAS-297-QPPLG1090,female,Day
GWAS-42-Apollo,GW,1.00E-05,0.003721,1.00E-05,1.00E-05,0.996229,1.00E-05,1.00E-05,5,,GWAS-42-Santhica 70,Mono,Fiber
GWAS-257-Amaze_Auto,GW,1.00E-05,0.003524,0.225563,0.765331,0.005552,1.00E-05,1.00E-05,4,,GWAS-257-EPG,female,Cannabinoid
GWAS-71-Rogue,GW,0.002071,1.00E-05,1.00E-05,1.00E-05,0.157457,0.840432,1.00E-05,6,,GWAS-71-WI-M-H-20-113,Male,Feral
GWAS-346-WI-M-H-20-114,GW,1.00E-05,0.058478,0.015526,0.025529,0.900437,1.00E-05,1.00E-05,5,,GWAS-346-Henola,Mono,Dual
G33199-22GI-SD-I,NY,1.00E-05,1.00E-05,1.00E-05,1.00E-05,1.00E-05,0.71345,0.2865,6,,,,
Merino-B-CO,CO,0.131289,0.011558,0.109152,0.747972,1.00E-05,1.00E-05,1.00E-05,4,,,,
IA-23-KL-01-02,IA,0.01363,0.263072,0.01334,0.00692,1.00E-05,1.00E-05,0.703018,7,,,,
GWAS-21-Park_Dale,GW,1.00E-05,1.00E-05,0.080006,0.913178,0.006776,1.00E-05,1.00E-05,4,,GWAS-21-ChinMa,Male,Fiber
SD-23-JH-06-04,SD,0.017358,1.00E-05,1.00E-05,1.00E-05,1.00E-05,1.00E-05,0.982592,7,,,,
SD-23-JH-08-08,SD,1.00E-05,0.1958,0.017387,1.00E-05,0.016964,1.00E-05,0.769819,7,,,,
WI-23-NS-01-01,WI,1.00E-05,0.749431,1.00E-05,1.00E-05,1.00E-05,1.00E-05,0.250519,2,,,,
IN-23-MB-01-03,IN,0.899385,1.00E-05,1.00E-05,1.00E-05,1.00E-05,0.049348,0.051227,1,,,,
GWAS-74-Ultra_Women,GW,1.00E-05,1.00E-05,1.00E-05,1.60E-05,0.999927,1.70E-05,1.00E-05,5,,GWAS-74-Hliana,Mono,Dual
IA-23-KL-01-07,IA,0.007358,0.0111,1.70E-05,1.00E-05,1.00E-05,1.00E-05,0.981495,7,,,,
IN-23-MB-01-08,IN,0.999937,1.00E-05,1.00E-05,1.00E-05,1.00E-05,1.30E-05,1.00E-05,1,,,,
GWAS-100-Hempress_3_33207,GW,1.00E-05,1.00E-05,0.783397,0.216553,1.00E-05,1.00E-05,1.00E-05,3,,GWAS-100-Umpqua,female,Cannabinoid
GWAS-14-Auto_Blunami,GW,0.002513,0.014702,0.15178,0.830976,1.00E-05,1.00E-05,1.00E-05,4,,GWAS-14-Park_Dale,female,Cannabinoid
SD-23-JH-06-01,SD,0.063104,1.00E-05,1.00E-05,1.00E-05,1.00E-05,1.00E-05,0.936846,7,,,,
WI-23-NS-01-05,WI,1.00E-05,0.748463,1.00E-05,1.00E-05,1.00E-05,1.00E-05,0.251487,2,,,,
IN-23-MB-01-13,IN,0.743503,1.00E-05,2.00E-05,1.00E-05,1.00E-05,1.00E-05,0.256437,1,,,,
SD-23-JH-07-16,SD,0.045075,1.00E-05,1.00E-05,1.40E-05,1.00E-05,1.00E-05,0.954871,7,,,,
IA-23-KL-01-06,IA,0.052326,0.11046,1.00E-05,1.00E-05,1.00E-05,1.00E-05,0.837175,7,,,,
Idalia-B5a-CO,CO,1.00E-05,0.052126,1.00E-05,1.00E-05,1.00E-05,1.00E-05,0.947824,7,,,,
WI-23-NS-01-03,WI,1.00E-05,0.764358,1.00E-05,1.00E-05,1.00E-05,1.00E-05,0.235592,2,,,,
IN-23-MB-01-01,IN,0.882431,1.00E-05,1.00E-05,1.00E-05,1.00E-05,0.033992,0.083537,1,,,,
SD-23-JH-08-01,SD,0.008229,1.00E-05,1.00E-05,1.00E-05,1.00E-05,1.00E-05,0.991721,7,,,,
WI-23-MK-01-04,WI,0.035289,0.953934,1.00E-05,1.00E-05,1.00E-05,0.010737,1.00E-05,2,,,,
Idalia-B8-CO,CO,0.154993,1.00E-05,0.001099,1.00E-05,1.00E-05,0.843868,1.00E-05,6,,,,
IA-23-KL-01-04,IA,0.040655,1.00E-05,1.00E-05,1.00E-05,1.00E-05,1.00E-05,0.959295,7,,,,
GWAS-94-Badger_3,GW,1.00E-05,0.03767,1.00E-05,1.00E-05,0.96228,1.00E-05,1.00E-05,5,,GWAS-94-Bialobrzeskie,female,Fiber
GWAS-90-21UO_PI-22-15,GW,1.00E-05,1.00E-05,0.163197,0.836753,1.00E-05,1.00E-05,1.00E-05,4,,GWAS-90-The_Grand,female,Cannabinoid
G33199-22GI-SD-K,NY,1.90E-05,0.121575,1.00E-05,1.00E-05,0.069472,0.808904,1.00E-05,6,,,,
GWAS-324-Futura_83,GW,0.020762,1.00E-05,1.00E-05,1.00E-05,0.138085,0.841114,1.00E-05,6,,GWAS-324-WI-M-H-20-105,Male,Feral
GWAS-64-Futura,GW,1.00E-05,1.00E-05,1.00E-05,0.99994,1.00E-05,1.00E-05,1.00E-05,4,,GWAS-64-Ultra_Women,female,Cannabinoid
GWAS-328-WI-M-H-19-00106,GW,1.00E-05,0.825769,0.009234,1.00E-05,0.164957,1.00E-05,1.00E-05,2,,GWAS-328-WI-M-H-20-112,female,Feral
SD-23-JH-08-17,SD,0.04066,0.141303,1.00E-05,0.024546,0.054542,1.00E-05,0.738929,7,,,,
SD-23-JH-06-08,SD,0.038055,1.00E-05,1.00E-05,1.00E-05,1.00E-05,1.00E-05,0.961895,7,,,,
GWAS-283-Special_Sauce,GW,1.00E-05,1.00E-05,0.956562,0.043388,1.00E-05,1.00E-05,1.00E-05,3,,GWAS-283-199_ENO,female,Cannabinoid
IN-23-MB-01-11,IN,0.712682,1.00E-05,1.00E-05,1.90E-05,1.00E-05,1.00E-05,0.287259,1,,,,
WI-23-MK-01-03,WI,0.084288,1.00E-05,1.00E-05,1.00E-05,1.00E-05,0.915662,1.00E-05,6,,,,
GWAS-313-Picolo,GW,1.00E-05,1.00E-05,1.00E-05,0.99994,1.00E-05,1.00E-05,1.00E-05,4,,GWAS-313-Cherry_33202,female,Cannabinoid
GWAS-36-Smooth_operator,GW,1.00E-05,0.021343,0.082803,0.795596,0.100229,1.00E-05,1.00E-05,4,,GWAS-36-Apollo,female,Cannabinoid
GWAS-287-WI-M-H-20-00115,GW,1.00E-05,0.845168,1.00E-05,1.00E-05,0.154782,1.00E-05,1.00E-05,2,,GWAS-287-WI-M-H-20-114,female,Feral
IA-23-JA-01-08,IA,0.061819,1.00E-05,1.00E-05,1.00E-05,1.00E-05,0.938131,1.00E-05,6,,,,
GWAS-309-EPG,GW,1.00E-05,1.00E-05,0.038812,0.961138,1.00E-05,1.00E-05,1.00E-05,4,,GWAS-309-Stormy,female,Cannabinoid
GWAS-25-Lifter,GW,1.00E-05,0.02158,1.00E-05,1.00E-05,0.97837,1.00E-05,1.00E-05,5,,GWAS-25-CFX-2,female,Dual
SD-23-JH-07-13,SD,0.048753,1.00E-05,1.00E-05,1.00E-05,1.00E-05,0.044936,0.90627,7,,,,
WI-23-NP-01-03,WI,0.021096,0.978854,1.00E-05,1.00E-05,1.00E-05,1.00E-05,1.00E-05,2,,,,
GWAS-56-202_EVY,GW,1.00E-05,0.275766,1.00E-05,0.023401,0.700793,1.00E-05,1.00E-05,5,,GWAS-56-Futura,female,Fiber
IN-23-MB-01-15,IN,0.831346,1.00E-05,1.00E-05,1.00E-05,1.00E-05,1.00E-05,0.168604,1,,,,
GWAS-264-WI-M-H-20-108,GW,1.00E-05,0.004238,0.755451,0.240271,1.00E-05,1.00E-05,1.00E-05,3,,GWAS-264-QPPLG1148,female,Day
IN-23-MB-01-10,IN,0.99994,1.00E-05,1.00E-05,1.00E-05,1.00E-05,1.00E-05,1.00E-05,1,,,,
GWAS-256-Pipeline,GW,1.00E-05,0.011678,0.264117,0.7061,0.018076,1.00E-05,1.00E-05,4,,GWAS-256-EPG,female,Cannabinoid
GWAS-249-Lifter_Seedless,GW,1.00E-05,0.848861,0.009476,0.003427,0.138205,1.00E-05,1.00E-05,2,,GWAS-249-WI-M-H-19-00110,Male,Feral
GWAS-6-WULF,GW,1.00E-05,1.00E-05,0.016588,0.016182,0.134006,1.00E-05,0.833194,7,,GWAS-WULF,female,Cannabinoid
GWAS-317-QPPL148,GW,1.00E-05,1.00E-05,1.00E-05,1.00E-05,0.132648,0.867302,1.00E-05,6,,GWAS-317-WI-M-H-20-102,female,Feral
Idalia-B2a-CO,CO,0.060409,1.00E-05,1.00E-05,1.00E-05,1.00E-05,0.092096,0.847455,7,,,,
NE-23-JB-04-06,NE,0.076714,1.00E-05,1.00E-05,1.00E-05,1.00E-05,1.00E-05,0.923236,7,,,,
GWAS-246-Lifter_Seedless,GW,1.00E-05,1.00E-05,0.261785,0.738165,1.00E-05,1.00E-05,1.00E-05,4,,GWAS-246-Bubbatonic,female,Cannabinoid
IN-23-MB-01-02,IN,0.972241,1.00E-05,1.20E-05,1.00E-05,1.00E-05,0.019581,0.008136,1,,,,
NE-23-JB-05-05,NE,0.291586,1.00E-05,1.00E-05,1.00E-05,1.00E-05,0.708364,1.00E-05,6,,,,
GWAS-9-Katani,GW,1.00E-05,1.00E-05,1.00E-05,1.00E-05,0.99994,1.00E-05,1.00E-05,5,,GWAS-9-Katani,Male,Dual
NE-23-JB-02-03,NE,0.036269,1.00E-05,1.00E-05,1.00E-05,1.00E-05,1.00E-05,0.963681,7,,,,
GWAS-88-21UO_PI-22-15,GW,1.00E-05,1.00E-05,0.136871,0.863079,1.00E-05,1.00E-05,1.00E-05,4,,GWAS-88-The_Grand,female,Cannabinoid
IA-23-JA-01-05,IA,1.00E-05,0.763406,1.00E-05,1.00E-05,1.00E-05,1.00E-05,0.236544,2,,,,
GWAS-344-WI-M-H-20-114,GW,1.00E-05,1.00E-05,0.149594,0.834791,0.015575,1.00E-05,1.00E-05,4,,GWAS-344-Ruby_#1,female,Cannabinoid
NE-23-JB-04-05,NE,0.062556,0.055335,1.90E-05,1.00E-05,1.00E-05,1.00E-05,0.88206,7,,,,
GWAS-250-WI-M-H-19-00111,GW,1.00E-05,0.809167,0.005415,1.00E-05,0.185378,1.00E-05,1.00E-05,2,,GWAS-250-WI-M-H-21-00103,Male,Feral
SD-23-JH-06-17,SD,0.037651,1.00E-05,1.00E-05,1.00E-05,1.00E-05,1.00E-05,0.962299,7,,,,
G33199-22GI-SD-L,NY,1.00E-05,1.00E-05,1.00E-05,1.00E-05,1.00E-05,0.99994,1.00E-05,6,,,,
SD-23-JH-07-04,SD,0.049084,1.00E-05,1.00E-05,1.00E-05,1.00E-05,1.00E-05,0.950866,7,,,,
IA-23-JA-01-04,IA,0.014305,0.978427,0.007228,1.00E-05,1.00E-05,1.00E-05,1.00E-05,2,,,,
G33199-22GI-SD-Ea,NY,1.00E-05,1.00E-05,1.00E-05,1.00E-05,1.00E-05,0.99994,1.00E-05,6,,,,
IN-23-MB-01-06,IN,0.956194,1.00E-05,1.00E-05,1.00E-05,1.00E-05,0.043756,1.00E-05,1,,,,
GWAS-63-Sour_Pineapple,GW,1.00E-05,1.00E-05,0.143492,0.856458,1.00E-05,1.00E-05,1.00E-05,4,,Rogue,female,Cannabinoid
GWAS-66-Futura,GW,1.00E-05,1.00E-05,1.00E-05,0.99994,1.00E-05,1.00E-05,1.00E-05,4,,Ultra Women,female,Cannabinoid
GWAS-330-WI-M-H-19-00106,GW,1.00E-05,0.802166,1.00E-05,1.00E-05,0.197784,1.00E-05,1.00E-05,2,,WI-M-H-20-112,Male,Feral
GWAS-325-Futura_83,GW,1.00E-05,0.004049,1.00E-05,1.00E-05,0.995901,1.00E-05,1.00E-05,5,,WI-M-H-20-103,Male,Feral
SD-23-JH-06-10,SD,0.082645,1.00E-05,1.00E-05,1.00E-05,1.00E-05,1.00E-05,0.917305,7,,,,
G33199-22GI-SD-A,NY,1.00E-05,1.00E-05,1.00E-05,1.00E-05,1.00E-05,0.99994,1.00E-05,6,,,,