MN-23-AA-05-08,MN,0.00001,0.972569,0.00001,0.021949,0.005442,0.00001,0.00001
GWAS-202-Santium,GW,0.00001,0.000015,0.296139,0.703806,0.00001,0.00001,0.00001
ND-23-AA-01-09,ND,0.00001,0.257763,0.00001,0.00001,0.00001,0.00001,0.742187
WI-22-AB-01-02,WI,0.00602,0.555893,0.00001,0.00001,0.00001,0.438047,0.00001
MN-23-AA-05-03,MN,0.00001,0.97796,0.00001,0.00001,0.02199,0.00001,0.00001
IL-23-AA-02-05,IL,0.005522,0.519391,0.00001,0.00001,0.00001,0.475047,0.00001
IL-22-PA-01-09,IL,0.00001,0.978446,0.008153,0.00001,0.01336,0.00001,0.00001
ND-23-AA-01-04,ND,0.00001,0.004884,0.00001,0.00001,0.00001,0.00001,0.995066
WI-22-AB-05-07,WI,0.030295,0.225438,0.000593,0.00001,0.060257,0.255733,0.427675
SD-23-AA-01-02,SD,0.069989,0.31159,0.00001,0.00001,0.00001,0.108208,0.510183
MO-22-PB-03-06,MO,0.037059,0.513823,0.00001,0.005239,0.00001,0.41526,0.028598
IL-22-PA-07-07,IL,0.044515,0.005478,0.00001,0.003125,0.00001,0.946852,0.00001
NE-22-PB-08-03,NE,0.044586,0.054419,0.00001,0.029427,0.000012,0.00001,0.871536
WI-22-AB-11-04,WI,0.00001,0.999936,0.00001,0.00001,0.000014,0.00001,0.00001
GWAS-350-Oregon_Guava,GW,0.00001,0.00001,0.99994,0.00001,0.00001,0.00001,0.00001
MN-23-AA-02-04,MN,0.032725,0.00001,0.00001,0.00001,0.00001,0.967225,0.00001
KS-22-PB-02-08,KS,0.00001,0.063263,0.00001,0.00001,0.00001,0.00001,0.936687
SD-23-AA-03-06,SD,0.086029,0.00001,0.00001,0.00001,0.00001,0.030795,0.883137
WI-22-AB-06-04,WI,0.00001,0.999734,0.000216,0.00001,0.00001,0.00001,0.00001
GWAS-158-WI-M-H-19-00107,GW,0.00001,0.00001,0.878669,0.121281,0.00001,0.00001,0.00001
NE-22-PB-05-04,NE,0.241817,0.00001,0.00001,0.013556,0.00001,0.331365,0.413232
IL-23-AA-01-06,IL,0.00001,0.762256,0.00001,0.00001,0.00001,0.00001,0.237694
WI-22-AB-12-09,WI,0.00001,0.443211,0.00001,0.00001,0.007346,0.225369,0.324044
WI-22-AB-11-03,WI,0.021002,0.607892,0.00001,0.00001,0.00001,0.371066,0.00001
ND-23-AA-02-09,ND,0.144127,0.00001,0.00001,0.00001,0.00001,0.38769,0.468143
GWAS-419-Auto_Pilot_1.0,GW,0.00001,0.00001,0.094116,0.905834,0.00001,0.00001,0.00001
GWAS-430-H_51,GW,0.00001,0.394775,0.00001,0.00001,0.146193,0.458991,0.00001
NE-22-PB-03-08,NE,0.00001,0.395001,0.00001,0.013881,0.002363,0.00001,0.588725
WI-22-AB-08-07,WI,0.00001,0.985073,0.014877,0.00001,0.00001,0.00001,0.00001
IN-22-MB-01-05,IN,0.99994,0.00001,0.00001,0.00001,0.00001,0.00001,0.00001
MO-22-PB-03-02,MO,0.007153,0.625748,0.009663,0.001767,0.00001,0.00001,0.355649
SD-23-AA-02-04,SD,0.00001,0.011283,0.000019,0.00001,0.00001,0.00001,0.988658
ND-23-AA-02-04,ND,0.142907,0.443565,0.00001,0.005464,0.00001,0.399603,0.008441
NE-22-PB-01-02,NE,0.00001,0.092946,0.00001,0.006129,0.00001,0.00001,0.900885
GWAS-415-Henola,GW,0.00001,0.125376,0.00001,0.00001,0.874574,0.00001,0.00001
KS-22-PB-01-03,KS,0.059976,0.605772,0.002249,0.022776,0.00001,0.00001,0.309207
GWAS-393-Grandi,GW,0.00001,0.571665,0.043195,0.080995,0.304115,0.00001,0.00001
SD-23-AA-05-05,SD,0.051087,0.00001,0.00001,0.00001,0.00001,0.005417,0.943456
WI-22-AB-06-07,WI,0.057368,0.014688,0.000012,0.00001,0.00001,0.927902,0.00001
IL-22-PA-07-04,IL,0.012917,0.545365,0.00001,0.00001,0.005672,0.436016,0.00001
MN-23-AA-01-02,MN,0.056996,0.486159,0.003671,0.00001,0.00001,0.453143,0.00001
KS-22-PB-05-08,KS,0.051687,0.412851,0.00001,0.006494,0.00001,0.00001,0.528938
WI-22-AB-07-06,WI,0.00001,0.501543,0.00001,0.00001,0.00001,0.498407,0.00001
GWAS-154-Suvar_Haze_Seedless,GW,0.00001,0.803205,0.00019,0.010175,0.186401,0.00001,0.00001
MO-22-PB-02-09,MO,0.01799,0.387296,0.00437,0.00001,0.00001,0.084594,0.50573
GWAS-426-WI-M-H-19-00104,GW,0.00001,0.787315,0.008975,0.004318,0.199363,0.00001,0.00001
NE-22-PB-06-01,NE,0.122801,0.309385,0.015328,0.027832,0.006592,0.00001,0.518051
MN-23-AA-03-04,MN,0.01977,0.98018,0.00001,0.00001,0.00001,0.00001,0.00001
IL-23-AA-02-04,IL,0.00001,0.97766,0.00001,0.00001,0.02229,0.00001,0.00001
NE-22-PB-04-10,NE,0.017734,0.614338,0.014029,0.011192,0.001343,0.00001,0.341354
GWAS-147-Hot_Blonde,GW,0.00001,0.070777,0.00001,0.00001,0.929173,0.00001,0.00001
NE-22-PB-05-08,NE,0.152728,0.362322,0.009924,0.00001,0.00001,0.00001,0.474996
MO-22-PB-04-07,MO,0.070158,0.00001,0.00001,0.00001,0.00001,0.511322,0.41848
ND-23-AA-01-19,ND,0.00001,0.046376,0.00001,0.00001,0.00001,0.00001,0.953574
SD-23-AA-01-12,SD,0.00001,0.00001,0.00001,0.00001,0.00001,0.00001,0.99994
ND-23-AA-02-16,ND,0.082188,0.00001,0.00001,0.00001,0.00001,0.469876,0.447897
ND-23-AA-02-02,ND,0.034606,0.00001,0.00001,0.000018,0.00001,0.047324,0.918021
MN-23-AA-04-03,MN,0.073813,0.00001,0.00001,0.00001,0.00001,0.926137,0.00001
GWAS-220-WI-M-H-20-109,GW,0.00001,0.83285,0.00001,0.00001,0.1671,0.00001,0.00001
IL-23-AA-01-07,IL,0.00001,0.358423,0.00001,0.00001,0.00001,0.304577,0.33696
IL-22-AB-02-01,IL,0.065009,0.619394,0.00001,0.009842,0.01883,0.00001,0.286906
MN-23-AA-01-04,MN,0.071637,0.00001,0.00001,0.00001,0.00001,0.928313,0.00001
WI-22-AB-11-10,WI,0.00001,0.99994,0.00001,0.00001,0.00001,0.00001,0.00001
GWAS-452-Vega,GW,0.00001,0.00001,0.99994,0.00001,0.00001,0.00001,0.00001
IL-22-PA-07-01,IL,0.00001,0.330308,0.00001,0.00001,0.00001,0.359359,0.310294
MN-23-AA-04-08,MN,0.016335,0.940586,0.015732,0.00001,0.027317,0.00001,0.00001
MN-23-AA-01-09,MN,0.00001,0.99994,0.00001,0.00001,0.00001,0.00001,0.00001
KS-22-PB-03-01,KS,0.085567,0.348944,0.00001,0.002624,0.00001,0.052236,0.51061
IA-22-PB-05-07,IA,0.00001,0.156541,0.00001,0.00001,0.00001,0.00001,0.843409
GWAS-385-Pine_Walker_Seedless,GW,0.00001,0.264806,0.006272,0.046353,0.682539,0.00001,0.00001
IA-22-PB-03-08,IA,0.00001,0.479459,0.00001,0.00001,0.000899,0.00001,0.519602
GWAS-382-WI-M-H-20-102,GW,0.00001,0.801824,0.007877,0.00001,0.190259,0.00001,0.00001
GWAS-197-WI-M-H-19-00112,GW,0.050963,0.00001,0.00001,0.00001,0.138357,0.810639,0.00001
IL-22-PA-01-04,IL,0.055685,0.570379,0.009853,0.00001,0.00001,0.364053,0.00001
WI-22-AB-04-02,WI,0.00001,0.00001,0.00001,0.00001,0.00001,0.75733,0.24262
WI-22-AB-04-10,WI,0.00001,0.783911,0.00001,0.00001,0.00407,0.00001,0.211979
WI-22-AB-06-10,WI,0.00001,0.528759,0.00001,0.00001,0.00001,0.471191,0.00001
KS-22-PB-04-01,KS,0.000358,0.00001,0.00001,0.00001,0.00001,0.003657,0.995945
GWAS-143-Early_Remedy,GW,0.00001,0.00001,0.000018,0.999932,0.00001,0.00001,0.00001
NE-22-PB-02-03,NE,0.012521,0.372461,0.00001,0.004419,0.00001,0.067205,0.543373
MN-23-AA-01-12,MN,0.00001,0.99994,0.00001,0.00001,0.00001,0.00001,0.00001
IA-22-PB-06-08,IA,0.00001,0.00001,0.00001,0.00001,0.00001,0.150084,0.849866
GWAS-193-21UO_Stout,GW,0.00001,0.00001,0.542213,0.457737,0.00001,0.00001,0.00001
GWAS-434-H_51,GW,0.00001,0.831015,0.00001,0.003376,0.165569,0.00001,0.00001
GWAS-389-Grandi,GW,0.00001,0.00001,0.129475,0.870475,0.00001,0.00001,0.00001
GWAS-140-Early_Remedy,GW,0.00001,0.00001,0.00001,0.00001,0.99994,0.00001,0.00001
NE-22-PB-02-02,NE,0.00001,0.307178,0.00001,0.005474,0.005779,0.00001,0.68154
GWAS-444-WI-M-H-19-00113,GW,0.006902,0.00001,0.00001,0.00001,0.145306,0.847752,0.00001
IA-22-PB-06-05,IA,0.00001,0.419428,0.00001,0.00001,0.00001,0.078801,0.501732
SD-23-AA-03-04,SD,0.101597,0.00001,0.00001,0.00001,0.00001,0.123644,0.77472
IL-22-AB-02-02,IL,0.031482,0.900051,0.000019,0.033231,0.035197,0.00001,0.00001
IL-23-AA-02-07,IL,0.00001,0.476531,0.00001,0.00001,0.006075,0.517354,0.00001
GWAS-229-WI-M-H-21-00102,GW,0.00001,0.00001,0.373089,0.333526,0.293345,0.00001,0.00001
NE-22-PB-04-02,NE,0.058125,0.319091,0.00001,0.001736,0.005679,0.160336,0.455023
WI-22-AB-05-04,WI,0.000045,0.33671,0.005953,0.00001,0.009297,0.210369,0.437616
WI-22-AB-13-05,WI,0.001669,0.498561,0.00001,0.00001,0.029389,0.00001,0.470351
ND-23-AA-02-06,ND,0.140735,0.459976,0.002375,0.00001,0.00001,0.396884,0.00001
GWAS-201-Santium,GW,0.00001,0.00001,0.00001,0.99994,0.00001,0.00001,0.00001
SD-23-AA-01-04,SD,0.15071,0.400092,0.00001,0.012593,0.018587,0.417999,0.00001
NE-22-PB-03-05,NE,0.019669,0.676164,0.00001,0.00001,0.00001,0.00001,0.304127
MN-23-AA-03-08,MN,0.007941,0.992009,0.00001,0.00001,0.00001,0.00001,0.00001
MO-22-PB-05-01,MO,0.193097,0.570762,0.007685,0.00001,0.00001,0.228426,0.00001
WI-22-AB-04-01,WI,0.00001,0.00001,0.00001,0.00001,0.00001,0.778063,0.221887
MN-23-AA-04-04,MN,0.077267,0.00001,0.001628,0.000017,0.00001,0.921058,0.00001
GWAS-114-Oregon_Sweetgum_,GW,0.00001,0.00001,0.000014,0.999936,0.00001,0.00001,0.00001
NE-22-PB-03-04,NE,0.016361,0.575457,0.00001,0.015565,0.048894,0.00001,0.343704
GWAS-182-WI-M-H-19-00109,GW,0.042105,0.297866,0.003575,0.00664,0.234304,0.4155,0.00001
WI-22-AB-03-09,WI,0.00001,0.00001,0.00001,0.00001,0.00001,0.661551,0.338399
MO-22-PB-01-08,MO,0.00001,0.00001,0.00001,0.00001,0.00001,0.00001,0.99994
NE-22-PB-07-03,NE,0.00001,0.264544,0.010974,0.004169,0.023137,0.00001,0.697155
MN-23-AA-05-13,MN,0.00001,0.986914,0.00001,0.00001,0.013036,0.00001,0.00001
NE-22-PB-02-07,NE,0.011681,0.074411,0.004876,0.010387,0.014976,0.00001,0.883659
GWAS-168-#5_33200,GW,0.044109,0.00001,0.00001,0.00001,0.171325,0.784525,0.00001
GWAS-190-White_CBG_Seedless,GW,0.011161,0.371211,0.000423,0.010505,0.189899,0.416791,0.00001
SD-23-AA-01-10,SD,0.00001,0.00001,0.00001,0.00001,0.00001,0.00001,0.99994
ND-23-AA-01-02,ND,0.122334,0.00001,0.00001,0.00001,0.00001,0.459181,0.418445
GWAS-451-WI-M-H-20-104,GW,0.00001,0.00001,0.99994,0.00001,0.00001,0.00001,0.00001
SD-23-AA-04-07,SD,0.005999,0.028546,0.00001,0.00001,0.00001,0.00001,0.965414
MN-23-AA-04-11,MN,0.016351,0.420659,0.00001,0.00001,0.00001,0.131241,0.431719
MN-23-AA-05-11,MN,0.020721,0.57832,0.00001,0.00027,0.00001,0.400659,0.00001
IL-22-PA-01-01,IL,0.041563,0.876292,0.000014,0.007127,0.074983,0.00001,0.00001
NE-22-PB-01-10,NE,0.00001,0.088937,0.00001,0.00001,0.003374,0.00001,0.907649
GWAS-118-Umpqua,GW,0.00001,0.00001,0.000017,0.999933,0.00001,0.00001,0.00001
NE-22-PB-04-06,NE,0.040846,0.3446,0.00001,0.00001,0.00001,0.086562,0.527962
WI-22-AB-08-08,WI,0.006322,0.978777,0.001874,0.009865,0.003142,0.00001,0.00001
WI-22-AB-05-03,WI,0.002093,0.360453,0.00001,0.00001,0.007339,0.23855,0.391545
MO-22-PB-04-03,MO,0.055,0.666603,0.008577,0.025718,0.00001,0.00001,0.244083
GWAS-136-WI-M-H-21-00100,GW,0.00001,0.749183,0.015612,0.030032,0.205143,0.00001,0.00001
WI-22-AB-04-06,WI,0.00001,0.024195,0.00001,0.00001,0.00001,0.975755,0.00001
WI-22-AB-08-03,WI,0.00001,0.992532,0.007418,0.00001,0.00001,0.00001,0.00001
IL-23-AA-01-01,IL,0.00001,0.325339,0.00001,0.00001,0.00001,0.29587,0.378751
GWAS-361-Blue_Magnolia,GW,0.00001,0.00001,0.665896,0.334054,0.00001,0.00001,0.00001
NE-22-PB-01-01,NE,0.002109,0.103361,0.000019,0.000736,0.00001,0.00001,0.893756
GWAS-404-21UO_Zaki',GW,0.00001,0.001188,0.570984,0.399022,0.028776,0.00001,0.00001
WI-22-AB-01-06,WI,0.00001,0.775307,0.00001,0.00001,0.012308,0.00001,0.212345
GWAS-175-Cherry_Wine,GW,0.00001,0.162803,0.00001,0.050014,0.787143,0.00001,0.00001
MN-23-AA-01-06,MN,0.015965,0.54849,0.00001,0.00001,0.00001,0.435505,0.00001
GWAS-379-Cherry_33202,GW,0.00001,0.00001,0.000013,0.999937,0.00001,0.00001,0.00001
MO-22-PB-05-08,MO,0.155282,0.564069,0.00001,0.027237,0.00001,0.253382,0.00001
NE-22-PB-07-02,NE,0.111959,0.363186,0.002614,0.00001,0.018013,0.00001,0.504208
GWAS-121-21UO04_Boone_County_Feral,GW,0.00001,0.00001,0.402538,0.597412,0.00001,0.00001,0.00001
MN-23-AA-01-10,MN,0.00001,0.99994,0.00001,0.00001,0.00001,0.00001,0.00001
MO-22-PB-04-04,MO,0.04538,0.942037,0.006173,0.00638,0.00001,0.00001,0.00001
GWAS-401-WI-M-H-20-103,GW,0.000013,0.00001,0.270314,0.711487,0.018156,0.00001,0.00001
GWAS-376-Chinese_Hemp_Fiber_Planting_Seed,GW,0.00001,0.059547,0.00001,0.00001,0.940403,0.00001,0.00001
IA-22-PB-06-04,IA,0.025196,0.00001,0.00001,0.00001,0.00001,0.498078,0.476685
IL-23-AA-01-09,IL,0.00001,0.384361,0.00001,0.00001,0.00001,0.284864,0.330735
KS-22-PB-02-04,KS,0.119193,0.00001,0.000013,0.00001,0.00001,0.406908,0.473857
GWAS-171-Altair,GW,0.00001,0.00001,0.27102,0.717552,0.011388,0.00001,0.00001
GWAS-209-WI-M-H-19-00100a,GW,0.00001,0.00001,0.99994,0.00001,0.00001,0.00001,0.00001
WI-22-AB-11-02,WI,0.00001,0.99994,0.00001,0.00001,0.00001,0.00001,0.00001
MN-23-AA-05-15,MN,0.001507,0.579721,0.00001,0.00001,0.00001,0.418732,0.00001
WI-22-AB-05-06,WI,0.00001,0.00001,0.00001,0.00001,0.00001,0.601848,0.398102
ND-23-AA-02-19,ND,0.025813,0.54325,0.00001,0.00001,0.057158,0.00001,0.373749
MN-23-AA-04-06,MN,0.00001,0.379923,0.00001,0.00001,0.00001,0.196822,0.423214
ND-23-AA-01-17,ND,0.016477,0.00001,0.00001,0.00001,0.00001,0.00001,0.983473
GWAS-354-QPPL090,GW,0.00001,0.00001,0.00001,0.00001,0.143082,0.856868,0.00001
SD-23-AA-01-06,SD,0.030193,0.00001,0.00001,0.00001,0.00001,0.00001,0.969757
WI-22-AB-13-02,WI,0.020244,0.921167,0.00804,0.006176,0.044353,0.00001,0.00001
WI-22-AB-14-01,WI,0.00001,0.769411,0.000889,0.00001,0.021109,0.00001,0.208561
GWAS-372-Stormy,GW,0.00001,0.311188,0.00001,0.00001,0.177137,0.511635,0.00001
SD-23-AA-02-06,SD,0.00001,0.00901,0.000016,0.00001,0.00001,0.00001,0.990934
GWAS-125-WI-M-H-20-111,GW,0.00001,0.033134,0.1859,0.775607,0.005329,0.00001,0.00001
MN-23-AA-02-06,MN,0.076816,0.00001,0.00001,0.00001,0.00001,0.923134,0.00001
WI-22-AB-11-07,WI,0.00001,0.99994,0.00001,0.00001,0.00001,0.00001,0.00001
GWAS-179-X59,GW,0.00001,0.156143,0.00001,0.00001,0.152225,0.0081,0.683502
MN-23-AA-03-06,MN,0.066735,0.684373,0.00001,0.00001,0.00001,0.248852,0.00001
MN-23-AA-05-06,MN,0.059472,0.542944,0.00001,0.00001,0.00001,0.397544,0.00001
IL-22-AB-01-03,IL,0.00001,0.99994,0.00001,0.00001,0.00001,0.00001,0.00001
GWAS-365-Otto_2,GW,0.00001,0.00001,0.107615,0.892335,0.00001,0.00001,0.00001
SD-23-AA-05-06,SD,0.02236,0.011018,0.00001,0.00001,0.00001,0.00001,0.966582
GWAS-151-Suvar_Haze_Seedless,GW,0.022192,0.047468,0.017809,0.022355,0.890155,0.00001,0.00001
IL-23-AA-01-02,IL,0.00001,0.00001,0.00001,0.00001,0.00001,0.686867,0.313083
GWAS-164-Hlesia,GW,0.00001,0.00001,0.00001,0.99994,0.00001,0.00001,0.00001
WI-22-AB-11-09,WI,0.00001,0.99994,0.00001,0.00001,0.00001,0.00001,0.00001
WI-22-AB-01-07,WI,0.045861,0.011021,0.00001,0.00001,0.00001,0.943078,0.00001
IL-22-PA-01-03,IL,0.066838,0.591339,0.00001,0.00916,0.00001,0.332634,0.00001
WI-22-AB-08-06,WI,0.00001,0.998651,0.001299,0.00001,0.00001,0.00001,0.00001
GWAS-397-WI-M-H-20-112,GW,0.00001,0.00001,0.00001,0.00001,0.99994,0.00001,0.00001
NE-22-PB-07-01,NE,0.00001,0.09381,0.000627,0.001213,0.003179,0.00001,0.901151
GWAS-157-WI-M-H-19-00107,GW,0.00001,0.00001,0.879708,0.120242,0.00001,0.00001,0.00001
GWAS-228-WI-M-H-21-00102,GW,0.00001,0.00001,0.99994,0.00001,0.00001,0.00001,0.00001
SD-23-AA-03-02,SD,0.022739,0.093465,0.00001,0.00001,0.00001,0.00001,0.883756
KS-22-PB-02-03,KS,0.00001,0.014719,0.00001,0.00001,0.00001,0.00001,0.985231
IA-22-PB-04-02,IA,0.00001,0.719062,0.000551,0.00001,0.008922,0.00001,0.271435
WI-22-AB-12-04,WI,0.00001,0.413331,0.00001,0.00001,0.00163,0.289103,0.295905
NE-22-PB-05-03,NE,0.050732,0.2559,0.013943,0.029863,0.00001,0.00001,0.649542
KS-22-PB-05-07,KS,0.044116,0.00001,0.00001,0.00001,0.00001,0.00001,0.955834
SD-23-AA-02-08,SD,0.00001,0.236878,0.006856,0.00001,0.00001,0.00001,0.756226
MO-22-PB-02-08,MO,0.00001,0.00001,0.00001,0.00001,0.00001,0.00001,0.99994
NE-22-PB-01-03,NE,0.057655,0.00001,0.00001,0.00001,0.00001,0.420038,0.522266
GWAS-413-Ruby_#1,GW,0.00001,0.339317,0.00001,0.007558,0.168,0.485095,0.00001
MN-23-AA-01-07,MN,0.058887,0.016744,0.00001,0.00001,0.00001,0.924329,0.00001
IN-22-MB-01-04,IN,0.93956,0.00001,0.00001,0.00001,0.000019,0.00001,0.060381
MN-23-AA-04-13,MN,0.073475,0.510909,0.00001,0.00001,0.00001,0.415576,0.00001
NE-22-PB-02-06,NE,0.024725,0.028013,0.000012,0.015977,0.011981,0.00001,0.919281
GWAS-450-WI-M-H-20-104,GW,0.161503,0.00001,0.101157,0.564307,0.097291,0.075721,0.00001
GWAS-424-WI-M-H-19-00104,GW,0.001906,0.726765,0.004623,0.015151,0.248477,0.003068,0.00001
SD-23-AA-01-08,SD,0.00001,0.00001,0.00001,0.00001,0.00001,0.00001,0.99994
NE-22-PB-03-06,NE,0.00001,0.111158,0.003529,0.00001,0.000014,0.00001,0.885269
GWAS-457-21UO_Spectrum,GW,0.024748,0.00001,0.00001,0.001608,0.176261,0.00001,0.797354
IL-23-AA-01-03,IL,0.00001,0.77855,0.00001,0.00001,0.00001,0.00001,0.2214
GWAS-221-WI-M-H-20-109,GW,0.00001,0.84345,0.00001,0.00001,0.1565,0.00001,0.00001
KS-22-PB-04-06,KS,0.053864,0.00001,0.00001,0.00001,0.00001,0.482004,0.464092
WI-22-AB-13-03,WI,0.028252,0.835845,0.003055,0.00001,0.014017,0.118811,0.00001
IA-22-PB-04-04,IA,0.045275,0.313965,0.00001,0.00001,0.006641,0.083375,0.550723
KS-22-PB-02-09,KS,0.032581,0.331677,0.00001,0.000524,0.00001,0.137563,0.497635
IA-22-PB-06-01,IA,0.001862,0.639156,0.003272,0.002146,0.002343,0.00001,0.351212
GWAS-146-Ex_Wife,GW,0.00001,0.096349,0.00001,0.00001,0.903601,0.00001,0.00001
MO-22-PB-05-05,MO,0.04556,0.368829,0.00001,0.00001,0.00001,0.140639,0.444941
WI-22-AB-01-03,WI,0.004588,0.94988,0.014345,0.00001,0.031156,0.00001,0.00001
IA-22-PB-03-03,IA,0.00001,0.410006,0.00001,0.00001,0.005733,0.00001,0.584221
KS-22-PB-02-10,KS,0.052569,0.309082,0.00001,0.007567,0.00001,0.075419,0.555342
WI-22-AB-11-06,WI,0.00001,0.996969,0.00001,0.00001,0.00001,0.002981,0.00001
GWAS-456-21UO_Spectrum,GW,0.00001,0.00001,0.00001,0.00001,0.99994,0.00001,0.00001
GWAS-149-Hot_Blonde,GW,0.124582,0.016883,0.365688,0.391451,0.101375,0.00001,0.00001
SD-23-AA-03-09,SD,0.11287,0.00001,0.00001,0.006183,0.00001,0.46406,0.416857
MO-22-PB-03-03,MO,0.00001,0.354616,0.00001,0.00001,0.00001,0.00001,0.645334
ND-23-AA-02-07,ND,0.112753,0.00001,0.00001,0.000014,0.00001,0.411332,0.475871
IN-22-MB-01-01,IN,0.983831,0.00001,0.00001,0.00001,0.00001,0.016119,0.00001
MN-23-AA-03-12,MN,0.01967,0.968504,0.000054,0.011742,0.00001,0.00001,0.00001
NE-22-PB-08-02,NE,0.161037,0.293979,0.014102,0.017961,0.006781,0.008469,0.497672
GWAS-386-WI-M-H-20-105,GW,0.00001,0.261234,0.020943,0.047729,0.670064,0.00001,0.00001
MN-23-AA-02-12,MN,0.030533,0.00001,0.00001,0.00001,0.00001,0.969417,0.00001
GWAS-194-21UO_Stout,GW,0.000012,0.00001,0.553158,0.429292,0.017509,0.00001,0.00001
SD-23-AA-04-10,SD,0.00001,0.045198,0.00001,0.00001,0.00001,0.00001,0.954752
GWAS-142-Early_Remedy,GW,0.00001,0.00001,0.000019,0.999931,0.00001,0.00001,0.00001
NE-22-PB-04-09,NE,0.141718,0.536958,0.00649,0.005,0.00001,0.309814,0.00001
WI-22-AB-13-06,WI,0.00001,0.449082,0.000019,0.00001,0.006136,0.00001,0.544733
KS-22-PB-01-01,KS,0.00001,0.276435,0.007042,0.016556,0.00001,0.00001,0.699937
WI-22-AB-06-09,WI,0.00001,0.403763,0.00001,0.00001,0.002851,0.327975,0.265381
IL-22-PA-07-06,IL,0.012422,0.933742,0.00001,0.009442,0.044364,0.00001,0.00001
IL-23-AA-02-03,IL,0.00001,0.488635,0.00001,0.00001,0.00001,0.511315,0.00001
NE-22-PB-06-06,NE,0.144337,0.356739,0.008532,0.007132,0.00001,0.011204,0.472047
IL-22-AB-01-09,IL,0.00001,0.478844,0.00001,0.00001,0.024148,0.496968,0.00001
IN-22-MB-01-08,IN,0.78778,0.209125,0.003055,0.00001,0.00001,0.00001,0.00001
MN-23-AA-04-12,MN,0.00001,0.00001,0.00001,0.00001,0.00001,0.612518,0.387432
SD-23-AA-05-08,SD,0.00001,0.010039,0.00001,0.000011,0.00001,0.00001,0.989909
WI-22-AB-03-06,WI,0.00001,0.492113,0.000674,0.00001,0.00001,0.507174,0.00001
SD-23-AA-02-09,SD,0.00001,0.207457,0.005023,0.009248,0.00001,0.00001,0.778242
SD-23-AA-03-01,SD,0.136581,0.00001,0.00001,0.00001,0.00001,0.102547,0.760832
GWAS-180-X59,GW,0.006179,0.370647,0.000452,0.007803,0.175485,0.439424,0.00001
GWAS-349-Super_Wife,GW,0.00001,0.00001,0.999928,0.000012,0.000019,0.00001,0.00001
IL-22-PA-01-06,IL,0.00001,0.991576,0.00001,0.003267,0.005116,0.00001,0.00001
GWAS-128-Early_Cherry,GW,0.00001,0.00001,0.031776,0.968174,0.00001,0.00001,0.00001
ND-23-AA-02-12,ND,0.133439,0.00001,0.00001,0.00001,0.00001,0.41011,0.456411
NE-22-PB-06-05,NE,0.091746,0.106027,0.008254,0.001397,0.00001,0.00001,0.792556
KS-22-PB-03-08,KS,0.00001,0.329871,0.00001,0.00001,0.00001,0.00001,0.670079
GWAS-219-21UO22_Boone_County_Feral,GW,0.109336,0.272412,0.052409,0.00694,0.161844,0.397049,0.00001
NE-22-PB-04-07,NE,0.00001,0.087458,0.00001,0.00001,0.00001,0.00001,0.912492
WI-22-AB-11-01,WI,0.00001,0.495541,0.00001,0.000326,0.022822,0.481282,0.00001
IA-22-PB-05-08,IA,0.00001,0.167239,0.00132,0.00001,0.00001,0.00001,0.8314
WI-22-AB-08-05,WI,0.00001,0.988501,0.011449,0.00001,0.00001,0.00001,0.00001
KS-22-PB-05-04,KS,0.149577,0.515694,0.00001,0.010063,0.00001,0.313567,0.011078
WI-22-AB-03-04,WI,0.00001,0.39082,0.00001,0.00001,0.001622,0.289613,0.317915
SD-23-AA-02-01,SD,0.00001,0.000011,0.00001,0.00001,0.00001,0.00001,0.999939
SD-23-AA-01-11,SD,0.00001,0.00001,0.00001,0.00001,0.00001,0.00001,0.99994
SD-23-AA-01-09,SD,0.012361,0.00001,0.00001,0.00001,0.00001,0.00001,0.987589
WI-22-FC-17-08,WI,0.111029,0.393348,0.048183,0.135569,0.02775,0.284112,0.00001
GWAS-131-21UO_S1,GW,0.00001,0.00001,0.36071,0.63924,0.00001,0.00001,0.00001
MO-22-PB-01-07,MO,0.00001,0.082723,0.00001,0.00001,0.00001,0.00001,0.917227
KS-22-PB-01-04,KS,0.132484,0.834199,0.010024,0.01628,0.006993,0.00001,0.00001
GWAS-200-WI-M-H-19-00112,GW,0.00001,0.00001,0.00001,0.99994,0.00001,0.00001,0.00001
GWAS-135-WI-M-H-21-00100,GW,0.00001,0.00001,0.006021,0.00001,0.141754,0.852185,0.00001
MN-23-AA-03-07,MN,0.00001,0.99994,0.00001,0.00001,0.00001,0.00001,0.00001
GWAS-113-Oregon_Sweetgum_,GW,0.00001,0.00001,0.00001,0.99994,0.00001,0.00001,0.00001
ND-23-AA-01-07,ND,0.08233,0.314568,0.00001,0.00001,0.00001,0.077441,0.525631
GWAS-183-WI-M-H-19-00109,GW,0.007414,0.321364,0.003468,0.00001,0.200725,0.467009,0.00001
MO-22-PB-02-01,MO,0.00001,0.661718,0.011466,0.011408,0.00001,0.00001,0.315378
WI-22-AB-08-02,WI,0.00001,0.988844,0.011106,0.00001,0.00001,0.00001,0.00001
IA-22-PB-01-01,IA,0.02296,0.483591,0.00001,0.000013,0.024642,0.468774,0.00001
WI-22-FC-17-07,WI,0.062793,0.714758,0.065704,0.096864,0.05986,0.00001,0.00001
MN-23-AA-02-07,MN,0.008154,0.249249,0.000016,0.010047,0.052117,0.680407,0.00001
WI-22-AB-05-09,WI,0.038889,0.58287,0.00923,0.00001,0.046014,0.00001,0.322977
GWAS-191-White_CBG_Seedless,GW,0.00001,0.360912,0.00409,0.008406,0.207183,0.419389,0.00001
GWAS-139-21UO_Wife,GW,0.00001,0.000015,0.000019,0.00001,0.999927,0.00001,0.00001
GWAS-187-QPPL151,GW,0.00001,0.503384,0.06399,0.192202,0.240393,0.00001,0.00001
ND-23-AA-01-13,ND,0.00001,0.00001,0.00001,0.00001,0.00001,0.00001,0.99994
WI-22-AB-01-09,WI,0.00001,0.987415,0.000011,0.00001,0.012535,0.00001,0.00001
IA-22-PB-04-05,IA,0.00001,0.360612,0.00001,0.00001,0.00001,0.00001,0.639338
GWAS-117-Umpqua,GW,0.088812,0.00001,0.032449,0.14837,0.141448,0.588902,0.00001
IA-22-PB-03-06,IA,0.00001,0.392395,0.00265,0.00001,0.001454,0.148395,0.455086
SD-23-AA-03-05,SD,0.098143,0.00001,0.00001,0.00001,0.00001,0.497162,0.404655
SD-23-AA-05-07,SD,0.139011,0.433378,0.022254,0.00001,0.00001,0.405328,0.00001
IL-23-AA-02-10,IL,0.00001,0.480841,0.00001,0.00001,0.003006,0.516113,0.00001
SD-23-AA-04-03,SD,0.066769,0.345985,0.00001,0.002889,0.00001,0.067564,0.516773
IA-22-PB-06-09,IA,0.065473,0.331698,0.008909,0.00001,0.00001,0.073849,0.520051
WI-22-AB-01-10,WI,0.031759,0.568994,0.00001,0.00001,0.00001,0.399207,0.00001
KS-22-PB-04-02,KS,0.012093,0.00001,0.000014,0.00001,0.00001,0.116759,0.871104
GWAS-378-Cherry_33202,GW,0.00001,0.13263,0.00001,0.00001,0.86732,0.00001,0.00001
GWAS-206-WI-M-H-19-00100a,GW,0.00001,0.380732,0.003334,0.00001,0.171265,0.444639,0.00001
MO-22-PB-01-06,MO,0.00001,0.089549,0.00001,0.00001,0.00001,0.00001,0.910401
IL-23-AA-02-06,IL,0.00001,0.984213,0.00001,0.00001,0.007784,0.007963,0.00001
GWAS-402-WI-M-H-20-103,GW,0.00001,0.00001,0.198903,0.801043,0.000015,0.00001,0.00001
GWAS-375-Chinese_Hemp_Fiber_Planting_Seed,GW,0.00001,0.380233,0.00001,0.00001,0.147634,0.472093,0.00001
IL-22-PA-06-01,IL,0.030575,0.011289,0.00001,0.00001,0.006117,0.943274,0.008725
IN-22-MB-01-10,IN,0.772558,0.00001,0.00001,0.00001,0.00001,0.127312,0.100089
KS-22-PB-03-05,KS,0.100355,0.350353,0.009046,0.00001,0.00001,0.047951,0.492275
GWAS-447-WI-M-H-20-110,GW,0.00001,0.811036,0.00001,0.00001,0.188914,0.00001,0.00001
WI-22-AB-07-07,WI,0.00001,0.777247,0.00001,0.00001,0.00001,0.00001,0.222703
NE-22-PB-04-01,NE,0.065691,0.349425,0.000601,0.00001,0.009586,0.06038,0.514307
SD-23-AA-01-05,SD,0.070057,0.48149,0.00119,0.00001,0.00001,0.447233,0.00001
ND-23-AA-01-16,ND,0.00001,0.052155,0.00001,0.00001,0.00001,0.00001,0.947795
NE-22-PB-02-04,NE,0.01945,0.36852,0.002495,0.000794,0.006998,0.078594,0.523147
WI-22-AB-05-08,WI,0.03972,0.605201,0.0157,0.00001,0.07286,0.00001,0.266499
IL-22-AB-01-01,IL,0.024088,0.00001,0.000015,0.00001,0.00001,0.02129,0.954577
NE-22-PB-04-08,NE,0.00001,0.072349,0.00001,0.00001,0.00001,0.00001,0.927601
GWAS-161-WI-M-H-19-00105,GW,0.00001,0.00001,0.579687,0.394851,0.025422,0.00001,0.00001
WI-22-AB-03-05,WI,0.00001,0.778101,0.00001,0.00001,0.003466,0.00001,0.218393
MO-22-PB-05-06,MO,0.122064,0.545676,0.006142,0.010872,0.00001,0.315227,0.00001
IL-22-AB-01-08,IL,0.00001,0.002081,0.00001,0.00001,0.00001,0.997869,0.00001
IN-22-MB-01-09,IN,0.847196,0.00001,0.00001,0.00001,0.00001,0.10305,0.049714
GWAS-356-Magic_Bullet_5,GW,0.00001,0.793416,0.000014,0.005627,0.200913,0.00001,0.00001
IL-22-PA-04-03,IL,0.013487,0.835634,0.0182,0.064897,0.067762,0.00001,0.00001
GWAS-353-QPPL090,GW,0.00001,0.799872,0.006318,0.00001,0.19377,0.00001,0.00001
ND-23-AA-01-12,ND,0.022445,0.00001,0.00001,0.00001,0.00001,0.101325,0.87619
GWAS-371-Stormy,GW,0.00001,0.00001,0.00001,0.00001,0.130638,0.869312,0.00001
NE-22-PB-03-07,NE,0.148168,0.00001,0.00001,0.000018,0.00001,0.843935,0.007849
GWAS-124-WI-M-H-20-111,GW,0.005236,0.00001,0.249909,0.679395,0.065431,0.00001,0.00001
GWAS-150-Suvar_Haze_Seedless,GW,0.186757,0.00001,0.16076,0.43367,0.165325,0.053467,0.00001
IA-22-PB-06-10,IA,0.0743,0.00001,0.00001,0.00001,0.00001,0.474825,0.450835
IL-22-PA-01-05,IL,0.010114,0.972836,0.005548,0.00001,0.011472,0.00001,0.00001
GWAS-165-Hlesia,GW,0.00001,0.00001,0.00001,0.99994,0.00001,0.00001,0.00001
WI-22-AB-07-04,WI,0.00001,0.442577,0.00001,0.00001,0.00001,0.299131,0.258253
KS-22-PB-05-01,KS,0.106106,0.492063,0.010259,0.012867,0.00001,0.378685,0.00001
GWAS-364-Blue_Magnolia,GW,0.00001,0.00001,0.063901,0.936049,0.00001,0.00001,0.00001
ND-23-AA-01-03,ND,0.00001,0.00001,0.00001,0.00001,0.00001,0.129024,0.870926
GWAS-231-WI-M-H-19-00108,GW,0.00001,0.00001,0.416024,0.347521,0.236415,0.00001,0.00001
IA-22-PB-06-02,IA,0.00001,0.647689,0.00001,0.00001,0.008919,0.00001,0.343352
GWAS-438-118_Early_Harvest,GW,0.00001,0.00001,0.00001,0.00001,0.131257,0.868693,0.00001
SD-23-AA-01-13,SD,0.00001,0.00001,0.002137,0.00001,0.000612,0.00001,0.997211
IA-22-PB-04-08,IA,0.00001,0.086874,0.00001,0.00001,0.00001,0.00001,0.913076
WI-22-AB-03-07,WI,0.00001,0.747905,0.00001,0.00001,0.016449,0.00001,0.235606
NE-22-PB-03-02,NE,0.031109,0.657414,0.00001,0.031795,0.007298,0.00001,0.272364
WI-22-AB-08-01,WI,0.000012,0.97754,0.022408,0.00001,0.00001,0.00001,0.00001
MN-23-AA-02-15,MN,0.052136,0.00001,0.00001,0.00001,0.00001,0.947814,0.00001
WI-22-AB-13-01,WI,0.042283,0.626178,0.000332,0.006149,0.029702,0.295347,0.00001
MN-23-AA-03-05,MN,0.0275,0.699095,0.00001,0.00001,0.00001,0.273365,0.00001
GWAS-163-Hlesia,GW,0.00001,0.00001,0.00001,0.99994,0.00001,0.00001,0.00001
NE-22-PB-02-05,NE,0.00001,0.074586,0.00001,0.00001,0.005654,0.00001,0.91972
WI-22-FC-17-05,WI,0.034923,0.610343,0.069169,0.217723,0.067822,0.00001,0.00001
GWAS-218-21UO22_Boone_County_Feral,GW,0.051479,0.00001,0.002867,0.00001,0.117055,0.221155,0.607423
GWAS-352-Oregon_Guava,GW,0.038544,0.00001,0.003076,0.00001,0.117266,0.841084,0.00001
IA-22-PB-03-05,IA,0.00001,0.405592,0.00001,0.00001,0.000682,0.00001,0.593686
KS-22-PB-02-02,KS,0.002303,0.00001,0.00001,0.00001,0.00001,0.008839,0.988819
WI-22-AB-04-04,WI,0.00001,0.783811,0.00001,0.00001,0.008177,0.00001,0.207972
KS-22-PB-03-07,KS,0.005673,0.00001,0.00001,0.00001,0.00001,0.006903,0.987384
IL-22-PA-05-04,IL,0.118692,0.049633,0.00001,0.00001,0.00001,0.831635,0.00001
ND-23-AA-02-03,ND,0.039668,0.285391,0.00001,0.00001,0.00001,0.14448,0.53043
NE-22-PB-06-03,NE,0.132009,0.482739,0.008415,0.0301,0.00473,0.00001,0.341997
SD-23-AA-04-05,SD,0.036189,0.012099,0.00001,0.00001,0.00001,0.00001,0.951672
WI-22-AB-01-08,WI,0.009266,0.482092,0.00001,0.00001,0.00001,0.508603,0.00001
MN-23-AA-01-13,MN,0.00001,0.973981,0.00001,0.00001,0.025969,0.00001,0.00001
IA-22-PB-06-07,IA,0.00001,0.349243,0.00586,0.00001,0.000744,0.00001,0.644122
MN-23-AA-04-07,MN,0.015148,0.961684,0.000862,0.007339,0.014947,0.00001,0.00001
WI-22-AB-13-04,WI,0.031481,0.658856,0.000017,0.00001,0.026488,0.071129,0.21202
WI-22-AB-08-10,WI,0.022355,0.633441,0.015121,0.003379,0.00001,0.325684,0.00001
IL-22-AB-01-05,IL,0.00001,0.496358,0.00001,0.00001,0.00001,0.503592,0.00001
IA-22-PB-03-02,IA,0.023308,0.00001,0.00001,0.00001,0.00001,0.376638,0.600015
NE-22-PB-01-08,NE,0.070509,0.872017,0.021833,0.00206,0.011721,0.00001,0.02185
MN-23-AA-05-07,MN,0.06933,0.518503,0.00001,0.000012,0.017767,0.394368,0.00001
MN-23-AA-05-02,MN,0.00001,0.993311,0.006639,0.00001,0.00001,0.00001,0.00001
MO-22-PB-02-02,MO,0.00001,0.00001,0.000011,0.00001,0.00001,0.019614,0.980335
MO-22-PB-05-03,MO,0.05911,0.68379,0.020546,0.002117,0.00001,0.00001,0.234417
ND-23-AA-02-15,ND,0.10507,0.315035,0.00001,0.00001,0.00001,0.110404,0.469461
GWAS-410-WI-M-H-19-00100b,GW,0.00001,0.00001,0.00001,0.00001,0.114567,0.486152,0.399241
MN-23-AA-04-02,MN,0.00001,0.357718,0.00001,0.00001,0.00001,0.250348,0.391895
WI-22-AB-03-02,WI,0.00001,0.263832,0.000016,0.00001,0.007005,0.098892,0.630234
GWAS-215-Lara,GW,0.013874,0.432529,0.00001,0.00001,0.15153,0.402037,0.00001
IL-22-AB-01-10,IL,0.025375,0.214103,0.00001,0.00001,0.00001,0.760482,0.00001
IN-22-MB-01-03,IN,0.841952,0.00001,0.00001,0.00001,0.00001,0.041366,0.116642
IL-22-PA-01-02,IL,0.038003,0.915679,0.011231,0.00001,0.032329,0.002739,0.00001
MN-23-AA-05-09,MN,0.02208,0.4875,0.008105,0.00001,0.011761,0.470534,0.00001
GWAS-145-Ex_Wife,GW,0.00001,0.103307,0.00001,0.003082,0.893571,0.00001,0.00001
WI-22-AB-05-05,WI,0.072737,0.307834,0.002588,0.00001,0.024634,0.183789,0.408408
MN-22-AB-01-04,MN,0.022336,0.527677,0.00001,0.00001,0.00001,0.449947,0.00001
KS-22-PB-05-02,KS,0.00001,0.328099,0.001575,0.004527,0.002273,0.00001,0.663506
GWAS-432-H_51,GW,0.00001,0.818221,0.000921,0.00001,0.180818,0.00001,0.00001
GWAS-428-WI-M-H-20-107,GW,0.00001,0.00001,0.424512,0.372043,0.203405,0.00001,0.00001
MN-23-AA-05-04,MN,0.00011,0.90919,0.00001,0.00001,0.090659,0.00001,0.00001
NE-22-PB-02-01,NE,0.038125,0.329201,0.00001,0.016176,0.006089,0.051297,0.559101
MO-22-PB-02-07,MO,0.00001,0.065219,0.00001,0.00001,0.00001,0.00001,0.934731
IL-22-PA-04-02,IL,0.00001,0.767862,0.00001,0.00001,0.00001,0.00001,0.232088
MN-23-AA-01-03,MN,0.008177,0.965816,0.00001,0.003529,0.022448,0.00001,0.00001
WI-22-AB-08-04,WI,0.007761,0.973321,0.012651,0.00001,0.006236,0.000011,0.00001
WI-22-AB-12-02,WI,0.00001,0.265513,0.00001,0.00001,0.012053,0.129184,0.59322
SD-23-AA-03-07,SD,0.007685,0.629483,0.007736,0.003619,0.00001,0.00001,0.351456
GWAS-387-WI-M-H-20-105,GW,0.00001,0.183753,0.023206,0.098647,0.694364,0.00001,0.00001
GWAS-195-21UO_Stout,GW,0.00001,0.00001,0.581916,0.418034,0.00001,0.00001,0.00001
MN-23-AA-02-03,MN,0.050826,0.00001,0.00001,0.00001,0.00001,0.949124,0.00001
MO-22-PB-04-05,MO,0.04109,0.928326,0.01077,0.019783,0.00001,0.00001,0.00001
GWAS-223-WI-M-H-20-109,GW,0.00001,0.082959,0.00001,0.00001,0.916991,0.00001,0.00001
NE-22-PB-04-04,NE,0.161596,0.00001,0.003405,0.00001,0.00001,0.782251,0.052719
WI-22-FC-17-09,WI,0.130373,0.387081,0.026351,0.082504,0.030114,0.343566,0.00001
GWAS-348-Super_Wife,GW,0.00001,0.08677,0.00001,0.00001,0.91318,0.00001,0.00001
MN-23-AA-03-03,MN,0.00001,0.99994,0.00001,0.00001,0.00001,0.00001,0.00001
NE-22-PB-09-03,NE,0.119529,0.040695,0.00001,0.00001,0.00001,0.303456,0.53629
SD-23-AA-05-04,SD,0.014431,0.049135,0.00001,0.003249,0.00001,0.00001,0.933154
MO-22-PB-05-07,MO,0.192653,0.572293,0.010076,0.00001,0.00001,0.224948,0.00001
IL-22-PA-07-10,IL,0.118986,0.00001,0.00001,0.011042,0.00001,0.869932,0.00001
GWAS-380-WI-M-H-20-102,GW,0.00001,0.00001,0.00001,0.99994,0.00001,0.00001,0.00001
IA-22-PB-05-05,IA,0.00001,0.590162,0.009273,0.00001,0.020891,0.00001,0.379645
SD-23-AA-01-03,SD,0.162263,0.00001,0.00001,0.00001,0.00001,0.465568,0.372129
GWAS-384-Pine_Walker_Seedless,GW,0.00001,0.838228,0.00001,0.000016,0.161716,0.00001,0.00001
MO-22-PB-01-05,MO,0.00001,0.00001,0.00001,0.00001,0.00001,0.016512,0.983438
MN-23-AA-05-12,MN,0.00001,0.990814,0.00001,0.00001,0.009136,0.00001,0.00001
SD-23-AA-02-03,SD,0.00001,0.260263,0.010741,0.003901,0.00001,0.00001,0.725065
WI-22-AB-12-05,WI,0.016027,0.509601,0.000017,0.00001,0.063823,0.410512,0.00001
IL-23-AA-01-04,IL,0.026089,0.00001,0.00001,0.00001,0.00001,0.973861,0.00001
MN-23-AA-04-09,MN,0.02966,0.537875,0.00001,0.00001,0.009609,0.422826,0.00001
SD-23-AA-05-10,SD,0.16237,0.00001,0.00001,0.00001,0.00001,0.466489,0.3711
NE-22-PB-09-02,NE,0.079982,0.00001,0.00001,0.00001,0.00001,0.00001,0.919968
GWAS-127-Early_Cherry,GW,0.00001,0.00001,0.00001,0.99994,0.00001,0.00001,0.00001
KS-22-PB-04-04,KS,0.094869,0.304892,0.00001,0.00001,0.00001,0.115941,0.484267
IA-22-PB-04-01,IA,0.029771,0.93969,0.004199,0.012938,0.013382,0.00001,0.00001
IL-22-AB-01-02,IL,0.001008,0.477175,0.00001,0.000773,0.054567,0.466457,0.00001
IL-22-PA-04-01,IL,0.00001,0.948335,0.00001,0.00001,0.051615,0.00001,0.00001
IL-22-PA-07-08,IL,0.045471,0.00001,0.00001,0.00001,0.00001,0.954479,0.00001
KS-22-PB-03-03,KS,0.00001,0.00001,0.00001,0.00001,0.00001,0.168231,0.831719
WI-22-AB-08-09,WI,0.00001,0.984013,0.012041,0.003905,0.00001,0.00001,0.00001
GWAS-437-118_Early_Harvest,GW,0.00001,0.291626,0.00001,0.00001,0.173881,0.534453,0.00001
WI-22-AB-07-05,WI,0.00001,0.802291,0.00001,0.00001,0.00001,0.00001,0.197659
IL-22-PA-04-06,IL,0.00001,0.450608,0.005921,0.00001,0.013055,0.172841,0.357554
WI-22-AB-04-07,WI,0.00001,0.301354,0.00001,0.00001,0.00001,0.455259,0.243347
WI-22-AB-06-08,WI,0.00001,0.602357,0.00001,0.00001,0.00001,0.00001,0.397593
MN-23-AA-04-15,MN,0.074062,0.00001,0.00001,0.00001,0.00001,0.544669,0.381229
ND-23-AA-01-06,ND,0.00001,0.00357,0.00001,0.00001,0.00001,0.00001,0.99638
GWAS-210-Lara,GW,0.00001,0.00001,0.99994,0.00001,0.00001,0.00001,0.00001
MO-22-PB-05-02,MO,0.062573,0.918974,0.001491,0.016932,0.00001,0.00001,0.00001
MN-23-AA-02-13,MN,0.00001,0.00001,0.00001,0.00001,0.00001,0.99994,0.00001
GWAS-184-WI-M-H-19-00109,GW,0.003423,0.00001,0.383146,0.595375,0.018026,0.00001,0.00001
SD-23-AA-03-08a,SD,0.250913,0.00001,0.00001,0.005641,0.00001,0.718209,0.025207
GWAS-442-WI-M-H-19-00113,GW,0.034827,0.00001,0.00001,0.00001,0.114557,0.850576,0.00001
MO-22-PB-01-01,MO,0.00001,0.659134,0.007296,0.020342,0.00001,0.00001,0.313198
WI-22-AB-07-02,WI,0.00001,0.806744,0.00001,0.00001,0.006342,0.00001,0.186874
GWAS-439-Silver_Lining,GW,0.006663,0.355218,0.000015,0.00001,0.173011,0.465073,0.00001
IL-22-AB-02-03,IL,0.161092,0.507814,0.000012,0.00001,0.00581,0.325252,0.00001
GWAS-188-QPPL151,GW,0.021033,0.301134,0.011503,0.057095,0.185943,0.423283,0.00001
SD-23-AA-05-03,SD,0.020416,0.576566,0.00001,0.01565,0.00001,0.00001,0.387338
MN-23-AA-03-13,MN,0.025582,0.974368,0.00001,0.00001,0.00001,0.00001,0.00001
ND-23-AA-02-01,ND,0.00001,0.080778,0.00001,0.00001,0.029694,0.00001,0.889487
NE-22-PB-05-02,NE,0.031101,0.231434,0.030324,0.02392,0.00001,0.00001,0.6832
MO-22-PB-03-08,MO,0.01131,0.315451,0.00001,0.000706,0.017042,0.162219,0.493262
GWAS-138-21UO_Wife,GW,0.00001,0.833598,0.015696,0.017431,0.133245,0.00001,0.00001
MO-22-PB-02-10,MO,0.00001,0.00001,0.00001,0.00001,0.00001,0.00001,0.99994
WI-22-AB-12-08,WI,0.00001,0.99213,0.001054,0.00001,0.006776,0.00001,0.00001
MN-23-AA-03-02,MN,0.027823,0.941596,0.00001,0.00001,0.030541,0.00001,0.00001
MO-22-PB-01-02,MO,0.00001,0.00001,0.00001,0.00001,0.00001,0.014559,0.985391
GWAS-134-WI-M-H-21-00100,GW,0.00001,0.787976,0.00001,0.004796,0.207188,0.00001,0.00001
IL-22-AB-01-06,IL,0.00001,0.980733,0.00001,0.00001,0.019217,0.00001,0.00001
KS-22-PB-02-01,KS,0.051058,0.37047,0.00001,0.00001,0.00001,0.022956,0.555486
NE-22-PB-01-09,NE,0.008678,0.348813,0.004178,0.00001,0.00001,0.14796,0.490351
WI-22-AB-03-03,WI,0.022604,0.468345,0.00001,0.00001,0.002766,0.503477,0.002788
NE-22-PB-02-10,NE,0.00001,0.09598,0.00001,0.00001,0.00001,0.00001,0.90397
KS-22-PB-05-06,KS,0.022456,0.00001,0.003247,0.00001,0.00001,0.497083,0.477184
MN-23-AA-03-15,MN,0.026914,0.664503,0.00001,0.00001,0.00001,0.308543,0.00001
ND-23-AA-01-20,ND,0.082965,0.00001,0.00001,0.00001,0.00001,0.429621,0.487373
WI-22-AB-04-08,WI,0.00001,0.297821,0.00001,0.00001,0.00001,0.460554,0.241584
GWAS-374-Chinese_Hemp_Fiber_Planting_Seed,GW,0.00001,0.831178,0.00001,0.00001,0.168772,0.00001,0.00001
GWAS-403-WI-M-H-20-103,GW,0.00001,0.00001,0.536436,0.463514,0.00001,0.00001,0.00001
GWAS-230-WI-M-H-19-00108,GW,0.000018,0.00001,0.389133,0.381575,0.226017,0.003237,0.00001
IL-22-PA-01-07,IL,0.081242,0.00001,0.00001,0.00001,0.00001,0.918708,0.00001
KS-22-PB-01-02,KS,0.134401,0.538141,0.005237,0.00001,0.00001,0.322191,0.00001
ND-23-AA-01-11,ND,0.038139,0.507014,0.000019,0.000011,0.066273,0.00001,0.388534
ND-23-AA-02-13,ND,0.131228,0.00001,0.00001,0.00001,0.00001,0.406804,0.461928
IL-22-PA-07-05,IL,0.00001,0.500824,0.00001,0.00001,0.00001,0.499126,0.00001
GWAS-173-Altair,GW,0.00001,0.357935,0.00001,0.006767,0.179784,0.455485,0.00001
MN-23-AA-01-15,MN,0.096424,0.00001,0.00001,0.00001,0.00001,0.903526,0.00001
GWAS-205-Santium,GW,0.030063,0.00001,0.00001,0.00001,0.129948,0.83995,0.00001
GWAS-377-Cherry_33202,GW,0.00001,0.00001,0.00001,0.00001,0.99994,0.00001,0.00001
GWAS-170-#5_33200,GW,0.00001,0.00001,0.215628,0.784322,0.00001,0.00001,0.00001
SD-23-AA-01-01,SD,0.00001,0.001503,0.00001,0.000011,0.00001,0.00001,0.998446
IL-23-AA-03-01,IL,0.00001,0.362547,0.00001,0.00001,0.00001,0.305606,0.331807
NE-22-PB-06-07,NE,0.02321,0.316219,0.010301,0.011549,0.00349,0.00001,0.635222
GWAS-160-WI-M-H-19-00105,GW,0.00001,0.00001,0.564429,0.409507,0.026024,0.00001,0.00001
WI-22-AB-06-02,WI,0.036396,0.520384,0.00001,0.00001,0.00001,0.44318,0.00001
GWAS-177-Cherry_Wine,GW,0.00001,0.317497,0.00399,0.005987,0.672496,0.00001,0.00001
GWAS-406-21UO_Zaki',GW,0.00001,0.073599,0.076919,0.753779,0.095674,0.00001,0.00001
NE-22-PB-01-04,NE,0.011364,0.570341,0.003845,0.017977,0.00001,0.00001,0.396452
GWAS-355-QPPL090,GW,0.00001,0.34994,0.00001,0.00001,0.190895,0.459126,0.00001
GWAS-446-WI-M-H-20-110,GW,0.00001,0.838191,0.00001,0.00001,0.161759,0.00001,0.00001
ND-23-AA-01-08,ND,0.028885,0.609503,0.004053,0.000019,0.00001,0.00001,0.357521
MO-22-PB-02-06,MO,0.00001,0.082632,0.00001,0.00001,0.00001,0.00001,0.917318
NE-22-PB-08-01,NE,0.095101,0.039985,0.012135,0.011809,0.00001,0.00001,0.840951
MN-23-AA-01-01,MN,0.142753,0.42124,0.00001,0.017472,0.015016,0.403499,0.00001
IL-22-PA-07-02,IL,0.039329,0.000341,0.00001,0.00001,0.00001,0.960289,0.00001
WI-22-AB-06-05,WI,0.00001,0.803283,0.00001,0.00001,0.00001,0.00001,0.196667
SD-23-AA-04-02,SD,0.11697,0.330761,0.00001,0.001842,0.001879,0.050671,0.497867
GWAS-366-Otto_2,GW,0.00001,0.00001,0.026149,0.973801,0.00001,0.00001,0.00001
MO-22-PB-04-06,MO,0.045824,0.954126,0.00001,0.00001,0.00001,0.00001,0.00001
MO-22-PB-03-04,MO,0.00001,0.093906,0.005328,0.00001,0.000012,0.00001,0.900724
NE-22-PB-05-05,NE,0.144284,0.315783,0.00001,0.035687,0.00001,0.020768,0.483457
NE-22-PB-04-03,NE,0.00001,0.101434,0.00918,0.00001,0.000514,0.00001,0.888843
KS-22-PB-01-05,KS,0.00001,0.281598,0.014749,0.011852,0.00001,0.00001,0.691772
MN-23-AA-02-10,MN,0.02812,0.00001,0.00001,0.00001,0.00001,0.97183,0.00001
ND-23-AA-01-10,ND,0.00001,0.608194,0.002701,0.00001,0.00001,0.00001,0.389065
IL-23-AA-02-09,IL,0.00001,0.541264,0.00001,0.00001,0.00001,0.458686,0.00001
GWAS-399-WI-M-H-19-00103,GW,0.00001,0.026895,0.00001,0.00001,0.973055,0.00001,0.00001
MO-22-PB-02-03,MO,0.009333,0.337191,0.00001,0.00001,0.00001,0.106322,0.547124
ND-23-AA-01-15,ND,0.146283,0.30572,0.002567,0.00001,0.094568,0.393732,0.057119
MO-22-PB-05-04,MO,0.193449,0.557633,0.008753,0.00001,0.00001,0.240136,0.00001
SD-23-AA-05-01,SD,0.000536,0.036001,0.002,0.00001,0.00001,0.00001,0.961434
GWAS-351-Oregon_Guava,GW,0.00001,0.00001,0.99994,0.00001,0.00001,0.00001,0.00001
NE-22-PB-06-08,NE,0.08835,0.459264,0.014199,0.027697,0.008428,0.00001,0.402052
SD-23-AA-03-08b,SD,0.00001,0.004058,0.00117,0.00001,0.00001,0.00001,0.994731
MN-23-AA-02-09,MN,0.051344,0.00001,0.00001,0.00001,0.00001,0.948606,0.00001
WI-22-AB-12-01,WI,0.005851,0.474577,0.000014,0.00001,0.054706,0.464832,0.00001
MN-23-AA-03-11,MN,0.120493,0.626476,0.00001,0.00371,0.00001,0.249291,0.00001
SD-23-AA-04-09,SD,0.097903,0.00001,0.00001,0.000785,0.00001,0.076686,0.824597
IL-22-AB-01-04,IL,0.00001,0.989172,0.00001,0.00001,0.010778,0.00001,0.00001
GWAS-159-WI-M-H-19-00105,GW,0.00001,0.00001,0.823548,0.176402,0.00001,0.00001,0.00001
NE-22-PB-04-05,NE,0.00001,0.034345,0.00001,0.000013,0.000012,0.00001,0.9656
NE-22-PB-01-07,NE,0.114179,0.466535,0.003174,0.004173,0.000114,0.368027,0.043799
GWAS-155-WI-M-H-19-00107,GW,0.00001,0.76119,0.012771,0.011734,0.214275,0.00001,0.00001
MO-22-PB-03-07,MO,0.00001,0.00001,0.00001,0.00001,0.00001,0.510878,0.489072
MN-22-AB-01-03,MN,0.038123,0.559473,0.00001,0.00001,0.00001,0.398359,0.004015
KS-22-PB-04-03,KS,0.00001,0.00001,0.00001,0.00001,0.00001,0.00001,0.99994
SD-23-AA-04-01,SD,0.092504,0.328195,0.00001,0.00001,0.00001,0.028431,0.550839
SD-23-AA-05-09,SD,0.068847,0.291693,0.00001,0.00001,0.00001,0.122575,0.516855
GWAS-418-Henola,GW,0.00001,0.00001,0.098982,0.900968,0.00001,0.00001,0.00001
GWAS-414-Ruby_#1,GW,0.00001,0.354274,0.00001,0.00001,0.172769,0.472917,0.00001
WI-22-AB-03-08,WI,0.00001,0.407272,0.00001,0.00001,0.00001,0.306119,0.286569
ND-23-AA-02-10,ND,0.048936,0.325244,0.00001,0.00001,0.00001,0.0818,0.54399
WI-22-AB-04-05,WI,0.00001,0.00001,0.00001,0.00001,0.00001,0.99994,0.00001
WI-22-AB-03-01,WI,0.00001,0.534706,0.00001,0.00001,0.00001,0.00001,0.465244
NE-22-PB-06-02,NE,0.195382,0.00001,0.008492,0.010133,0.00001,0.2652,0.520773
IL-23-AA-02-02,IL,0.00001,0.494847,0.00001,0.00001,0.002142,0.502971,0.00001
GWAS-395-WI-M-H-20-112,GW,0.00001,0.00001,0.888708,0.111242,0.00001,0.00001,0.00001
GWAS-392-Grandi,GW,0.00001,0.566588,0.043836,0.084896,0.30465,0.00001,0.00001
KS-22-PB-05-03,KS,0.009063,0.305996,0.00001,0.003724,0.002357,0.095785,0.583065
NE-22-PB-03-03,NE,0.162578,0.510131,0.00001,0.002217,0.00001,0.325044,0.00001
GWAS-411-WI-M-H-19-00100b,GW,0.074116,0.00001,0.00406,0.099732,0.131532,0.69054,0.00001
SD-23-AA-01-07,SD,0.00001,0.00001,0.00001,0.00001,0.00001,0.00001,0.99994
WI-22-AB-03-10,WI,0.028627,0.003076,0.00001,0.00001,0.00001,0.968257,0.00001
IL-22-PA-01-08,IL,0.005829,0.966522,0.011393,0.00001,0.016227,0.00001,0.00001
MO-22-PB-03-01,MO,0.00001,0.095551,0.00001,0.00001,0.00001,0.00001,0.904399
IL-23-AA-02-08,IL,0.00001,0.481244,0.00001,0.00001,0.00001,0.518706,0.00001
WI-22-FC-17-10,WI,0.045771,0.655661,0.070007,0.199672,0.028868,0.00001,0.00001
IL-23-AA-01-10,IL,0.00001,0.00001,0.00001,0.00001,0.00001,0.698667,0.301283
MN-23-AA-03-09,MN,0.00001,0.999934,0.00001,0.000016,0.00001,0.00001,0.00001
GWAS-148-Hot_Blonde,GW,0.065185,0.024255,0.382086,0.490299,0.038155,0.00001,0.00001
MO-22-PB-03-05,MO,0.107622,0.00001,0.00001,0.00001,0.00001,0.873548,0.01879
MO-22-PB-01-03,MO,0.007008,0.34646,0.00001,0.00001,0.003679,0.099896,0.542937
MN-23-AA-02-11,MN,0.00001,0.284158,0.00001,0.00001,0.00001,0.715792,0.00001
ND-23-AA-01-05,ND,0.00001,0.051792,0.00001,0.00001,0.00001,0.00001,0.948158
NE-22-PB-09-01,NE,0.10251,0.112731,0.009508,0.017317,0.00001,0.00001,0.757915
IN-22-MB-01-06,IN,0.99994,0.00001,0.00001,0.00001,0.00001,0.00001,0.00001
GWAS-224-Hempress_2_33206,GW,0.014593,0.00001,0.00001,0.00001,0.822331,0.163036,0.00001
MN-23-AA-02-08,MN,0.042045,0.00001,0.00001,0.00001,0.00001,0.957905,0.00001
GWAS-429-WI-M-H-20-107,GW,0.00001,0.00001,0.402932,0.357211,0.236185,0.003642,0.00001
NE-22-PB-03-01,NE,0.083738,0.879699,0.00001,0.036523,0.00001,0.00001,0.00001
GWAS-425-WI-M-H-19-00104,GW,0.02963,0.292949,0.00154,0.024629,0.205962,0.44528,0.00001
NE-22-PB-06-04,NE,0.144061,0.357193,0.006688,0.004204,0.00001,0.00001,0.487835
WI-22-FC-17-04,WI,0.116793,0.472494,0.031557,0.081019,0.056105,0.242021,0.00001
MO-22-PB-02-05,MO,0.00001,0.00001,0.00001,0.00001,0.00001,0.025398,0.974552
GWAS-436-118_Early_Harvest,GW,0.000015,0.254451,0.00001,0.00001,0.202191,0.543314,0.00001
IA-22-PB-04-10,IA,0.00001,0.04818,0.00001,0.00001,0.004954,0.00001,0.946825
GWAS-217-21UO22_Boone_County_Feral,GW,0.053322,0.00001,0.00953,0.00001,0.130248,0.209539,0.597341
GWAS-196-WI-M-H-19-00112,GW,0.00001,0.802739,0.000015,0.000019,0.197197,0.00001,0.00001
MN-23-AA-01-08,MN,0.040009,0.928728,0.004512,0.002658,0.024073,0.00001,0.00001
KS-22-PB-02-07,KS,0.020877,0.356818,0.005132,0.003433,0.00001,0.105563,0.508167
ND-23-AA-02-20,ND,0.118924,0.00001,0.00001,0.00001,0.00001,0.405177,0.475858
GWAS-422-Auto_Pilot_1.0,GW,0.00001,0.00001,0.00001,0.00001,0.99994,0.00001,0.00001
IL-22-PA-07-09,IL,0.005052,0.00001,0.00001,0.00001,0.00001,0.645149,0.349759
NE-22-PB-05-06,NE,0.144362,0.27086,0.005203,0.016773,0.004685,0.00001,0.558107
GWAS-144-Ex_Wife,GW,0.00001,0.00001,0.000018,0.999932,0.00001,0.00001,0.00001
ND-23-AA-02-08,ND,0.075292,0.334231,0.00001,0.00001,0.00001,0.081222,0.509226
IA-22-PB-04-09,IA,0.00001,0.00001,0.00001,0.00001,0.00001,0.564829,0.435121
KS-22-PB-05-05,KS,0.070667,0.367181,0.002904,0.006172,0.00001,0.00001,0.553056
GWAS-454-Vega,GW,0.00001,0.00001,0.00001,0.00001,0.99994,0.00001,0.00001
IL-22-PA-05-01,IL,0.089958,0.47881,0.00001,0.026848,0.017697,0.386668,0.00001
WI-22-AB-01-05,WI,0.00001,0.967923,0.016748,0.00001,0.01529,0.00001,0.00001
KS-22-PB-03-06,KS,0.07426,0.36023,0.006101,0.00001,0.00479,0.042218,0.512391
WI-22-AB-04-09,WI,0.00001,0.00001,0.00001,0.00001,0.00001,0.753439,0.246511
ND-23-AA-02-11,ND,0.071544,0.00001,0.00001,0.00001,0.00001,0.460733,0.467683
WI-22-AB-07-08,WI,0.00001,0.804979,0.00001,0.00001,0.006116,0.00001,0.188865
NE-22-PB-01-05,NE,0.059381,0.00001,0.00001,0.00001,0.00001,0.480118,0.460461
GWAS-216-Lara,GW,0.00001,0.806039,0.004182,0.00001,0.189738,0.000011,0.00001
ND-23-AA-01-14,ND,0.025938,0.197257,0.00001,0.00001,0.043179,0.103783,0.629822
GWAS-347-Super_Wife,GW,0.00001,0.097164,0.019524,0.011277,0.872005,0.00001,0.00001
SD-23-AA-03-10,SD,0.00001,0.098404,0.009787,0.00001,0.00001,0.00001,0.891769
GWAS-381-WI-M-H-20-102,GW,0.00001,0.00001,0.00001,0.99994,0.00001,0.00001,0.00001
WI-22-FC-17-02,WI,0.050785,0.00001,0.00001,0.00001,0.00001,0.609536,0.339639
IA-22-PB-03-09,IA,0.00001,0.415842,0.00001,0.00001,0.00001,0.00001,0.584108
KS-22-PB-02-05,KS,0.109692,0.00001,0.00001,0.00001,0.00001,0.426528,0.46374
MN-22-AB-01-05,MN,0.007859,0.973715,0.00001,0.00001,0.018386,0.00001,0.00001
MN-23-AA-01-11,MN,0.054698,0.547969,0.00001,0.008217,0.00001,0.389086,0.00001
GWAS-130-21UO_S1,GW,0.00001,0.00001,0.383075,0.616875,0.00001,0.00001,0.00001
MN-23-AA-03-14,MN,0.000013,0.999937,0.00001,0.00001,0.00001,0.00001,0.00001
MN-23-AA-01-05,MN,0.010437,0.536718,0.00001,0.00001,0.00001,0.452805,0.00001
IN-22-MB-01-07,IN,0.652436,0.322889,0.018846,0.005798,0.00001,0.00001,0.00001
GWAS-126-Early_Cherry,GW,0.00001,0.00001,0.236208,0.758258,0.005494,0.00001,0.00001
NE-22-PB-05-01,NE,0.028801,0.00001,0.00001,0.008467,0.00001,0.036507,0.926195
MN-23-AA-02-01,MN,0.013775,0.00001,0.00001,0.00001,0.00001,0.986175,0.00001
ND-23-AA-01-01,ND,0.053403,0.00001,0.00001,0.00001,0.00001,0.445124,0.501433
IL-23-AA-01-08,IL,0.009172,0.00001,0.00001,0.00001,0.00001,0.990778,0.00001
GWAS-185-QPPL151,GW,0.019261,0.026128,0.213317,0.710676,0.030599,0.00001,0.00001
NE-22-PB-02-08,NE,0.00001,0.065071,0.00001,0.00384,0.000012,0.00001,0.931047
MN-23-AA-04-10,MN,0.048685,0.555058,0.00001,0.00001,0.00001,0.396217,0.00001
MN-23-AA-05-14,MN,0.025218,0.957745,0.00001,0.016997,0.00001,0.00001,0.00001
NE-22-PB-05-07,NE,0.149689,0.357028,0.007908,0.0102,0.00001,0.00001,0.475154
MO-22-PB-04-08,MO,0.05973,0.408584,0.004471,0.005329,0.00001,0.065407,0.456469
IA-22-PB-05-03,IA,0.00001,0.088232,0.00001,0.00001,0.00001,0.00001,0.911718
MN-23-AA-02-02,MN,0.016749,0.00001,0.00001,0.00001,0.00001,0.983201,0.00001
GWAS-115-Oregon_Sweetgum_,GW,0.08181,0.00001,0.030053,0.231934,0.081154,0.575029,0.00001
GWAS-449-WI-M-H-20-104,GW,0.134525,0.00001,0.110691,0.571399,0.100139,0.083227,0.00001
WI-22-AB-11-08,WI,0.00001,0.99994,0.00001,0.00001,0.00001,0.00001,0.00001
MN-23-AA-05-05,MN,0.00001,0.579377,0.00001,0.003671,0.00001,0.416911,0.00001
MO-22-PB-04-02,MO,0.048824,0.934655,0.011205,0.005286,0.00001,0.00001,0.00001
GWAS-369-Otto_2,GW,0.00001,0.818888,0.00001,0.00001,0.181062,0.00001,0.00001
NE-22-PB-03-09,NE,0.00001,0.00001,0.00001,0.00001,0.00001,0.00001,0.99994
WI-22-AB-11-05,WI,0.00001,0.99994,0.00001,0.00001,0.00001,0.00001,0.00001
ND-23-AA-01-18,ND,0.158604,0.387033,0.00001,0.047028,0.00001,0.343297,0.064018
IA-22-PB-06-06,IA,0.10127,0.566213,0.00001,0.00377,0.00001,0.328718,0.00001
GWAS-119-21UO04_Boone_County_Feral,GW,0.00001,0.00001,0.00001,0.99994,0.00001,0.00001,0.00001
GWAS-189-White_CBG_Seedless,GW,0.00001,0.335022,0.00001,0.004664,0.188608,0.471675,0.00001
GWAS-137-21UO_Wife,GW,0.00001,0.789694,0.002877,0.030792,0.176608,0.00001,0.00001
MN-23-AA-03-10,MN,0.00001,0.804905,0.00001,0.00001,0.00001,0.00001,0.195045
GWAS-358-Magic_Bullet_5,GW,0.00001,0.155183,0.00001,0.00001,0.844767,0.00001,0.00001
MN-23-AA-02-05,MN,0.02776,0.00001,0.00001,0.00001,0.00001,0.97219,0.00001
IL-22-PA-05-02,IL,0.168865,0.457929,0.008384,0.005275,0.018568,0.34097,0.00001
NE-22-PB-02-09,NE,0.081563,0.863444,0.002615,0.028687,0.023671,0.00001,0.00001
MN-23-AA-04-14,MN,0.031511,0.00001,0.00001,0.00001,0.00001,0.563358,0.405091
GWAS-400-WI-M-H-19-00103,GW,0.00001,0.062843,0.286283,0.629179,0.021665,0.00001,0.00001
WI-22-AB-04-03,WI,0.00001,0.328497,0.00001,0.00001,0.00001,0.422844,0.248619
GWAS-122-WI-M-H-20-111,GW,0.00001,0.00001,0.438496,0.561454,0.00001,0.00001,0.00001
NE-22-PB-01-06,NE,0.00001,0.373197,0.00001,0.00001,0.00001,0.15633,0.470433
NE-22-PB-03-10,NE,0.119168,0.544671,0.00001,0.001734,0.00001,0.334397,0.00001
GWAS-373-Stormy,GW,0.00001,0.810731,0.00001,0.00001,0.189219,0.00001,0.00001
SD-23-AA-05-02,SD,0.059594,0.50656,0.002663,0.000739,0.00001,0.00001,0.430423
SD-23-AA-03-03,SD,0.00378,0.114177,0.00001,0.002799,0.00001,0.00001,0.879214
MN-23-AA-02-14,MN,0.00001,0.00001,0.00001,0.00001,0.00001,0.99994,0.00001
MN-23-AA-04-05,MN,0.00001,0.378328,0.00001,0.00001,0.00001,0.247527,0.374105
GWAS-233-WI-M-H-19-00108,GW,0.257879,0.00001,0.206305,0.413843,0.085339,0.036614,0.00001
ND-23-AA-02-18,ND,0.131341,0.499837,0.001419,0.00001,0.00001,0.367373,0.00001
MO-22-PB-02-04,MO,0.00001,0.00001,0.00001,0.00001,0.00001,0.00001,0.99994
GWAS-174-Cherry_Wine,GW,0.00001,0.363265,0.003286,0.002971,0.166896,0.463563,0.00001
MO-22-PB-04-01,MO,0.078599,0.903193,0.007774,0.010404,0.00001,0.00001,0.00001
IL-23-AA-01-05,IL,0.00001,0.298429,0.00001,0.00001,0.001284,0.380125,0.320132
MN-23-AA-05-10,MN,0.065259,0.532336,0.006262,0.00001,0.00001,0.396112,0.00001
MN-23-AA-05-01,MN,0.04793,0.555747,0.00001,0.008764,0.00001,0.387529,0.00001
SD-23-AA-02-07,SD,0.007694,0.00001,0.007657,0.00001,0.00001,0.00001,0.98461
WI-22-AB-12-06,WI,0.00001,0.957884,0.000015,0.00001,0.02144,0.020631,0.00001
MO-22-PB-01-04,MO,0.00001,0.00001,0.00001,0.00001,0.00001,0.00001,0.99994
GWAS-178-X59,GW,0.00001,0.342746,0.00001,0.000865,0.182032,0.00001,0.474328
MN-23-AA-04-01,MN,0.00001,0.00001,0.00001,0.00001,0.00001,0.26192,0.73803
MN-23-AA-01-14,MN,0.00001,0.529234,0.00001,0.00001,0.00001,0.470716,0.00001
ND-23-AA-02-14,ND,0.0725,0.00001,0.00001,0.00001,0.00001,0.045623,0.881837
KS-22-PB-04-05,KS,0.054848,0.326687,0.00001,0.00001,0.00001,0.119902,0.498532
GWAS-208-WI-M-H-19-00100a,GW,0.00001,0.00001,0.99994,0.00001,0.00001,0.00001,0.00001
SD-23-AA-04-06,SD,0.16431,0.00001,0.00001,0.00001,0.00001,0.39757,0.438079
KS-22-PB-02-06,KS,0.04642,0.330682,0.00001,0.005683,0.00001,0.104581,0.512613
IL-23-AA-02-01,IL,0.00001,0.817368,0.00001,0.00001,0.00001,0.00001,0.182582
MN-23-AA-03-01,MN,0.025052,0.935995,0.00001,0.00001,0.038913,0.00001,0.00001
KS-22-PB-03-02,KS,0.00001,0.36645,0.00001,0.00001,0.00001,0.00001,0.6335
WI-22-FC-17-03,WI,0.055234,0.565469,0.096722,0.221402,0.061153,0.00001,0.00001
GWAS-445-WI-M-H-19-00113,GW,0.024972,0.00001,0.00001,0.00001,0.143632,0.831356,0.00001
ND-23-AA-02-05,ND,0.149345,0.40903,0.005881,0.0136,0.00001,0.422124,0.00001
GWAS-281-Panakeia,GW,0.00001,0.406906,0.00001,0.000017,0.15973,0.433318,0.00001
NE-23-ID-01-02,NE,0.049678,0.003676,0.000011,0.009964,0.00001,0.00001,0.936651
GWAS-89-21UO_PI-22-15,GW,0.00001,0.00001,0.191464,0.808486,0.00001,0.00001,0.00001
SD-23-JH-08-13,SD,0.00001,0.00001,0.00001,0.00001,0.013152,0.00001,0.986798
SD-23-JH-07-20,SD,0.134857,0.411162,0.00001,0.010259,0.039683,0.326223,0.077807
SD-23-JH-06-03,SD,0.057194,0.00001,0.00001,0.00001,0.00001,0.00001,0.942756
WI-23-NS-01-02,WI,0.00001,0.742327,0.00001,0.00001,0.00001,0.00001,0.257623
GWAS-37-Smooth_operator,GW,0.00001,0.376645,0.00001,0.00001,0.176425,0.44689,0.00001
GWAS-284-Special_Sauce,GW,0.00001,0.00001,0.99994,0.00001,0.00001,0.00001,0.00001
GWAS-288-Maverick,GW,0.00001,0.821217,0.00001,0.017008,0.161735,0.00001,0.00001
GWAS-33-CFX-2,GW,0.00001,0.50166,0.059239,0.068392,0.37068,0.00001,0.00001
NE-23-JB-02-05,NE,0.068211,0.00001,0.00001,0.00001,0.00001,0.00001,0.931739
GWAS-76-Ultra_Women,GW,0.17938,0.122375,0.127357,0.366958,0.20391,0.00001,0.00001
IA-23-KL-01-08,IA,0.0877,0.00001,0.00001,0.00001,0.00001,0.00001,0.91225
GWAS-291-Forbidden_V,GW,0.00001,0.00001,0.000017,0.999933,0.00001,0.00001,0.00001
GWAS-307-WI-M-H-19-00102,GW,0.00001,0.00001,0.00001,0.99994,0.00001,0.00001,0.00001
GWAS-26-Lifter,GW,0.00001,0.118994,0.006449,0.00001,0.874517,0.00001,0.00001
IN-23-MB-01-04,IN,0.779345,0.208461,0.000018,0.000017,0.00001,0.00001,0.012139
G33199-22GI-SD-J,G3,0.000019,0.111784,0.00001,0.00001,0.086016,0.802151,0.00001
GWAS-303-WI-M-H-21-00103,GW,0.018779,0.00001,0.536596,0.419893,0.024701,0.00001,0.00001
GWAS-55-202_EVY,GW,0.005728,0.082059,0.083202,0.731892,0.0971,0.00001,0.00001
IN-23-MB-01-09,IN,0.785812,0.00001,0.000016,0.00001,0.00001,0.116282,0.097859
GWAS-111-Bialobrzeskie,GW,0.00001,0.00001,0.427481,0.572469,0.00001,0.00001,0.00001
GWAS-266-WI-M-H-20-101,GW,0.00001,0.00001,0.356854,0.643096,0.00001,0.00001,0.00001
NE-23-JB-04-03,NE,0.068741,0.252861,0.000015,0.026204,0.00001,0.00001,0.65216
GWAS-320-198_MUY,GW,0.092021,0.06555,0.318932,0.523468,0.00001,0.00001,0.00001
IA-23-KL-01-03,IA,0.00001,0.111049,0.00001,0.00001,0.00001,0.00001,0.888901
GWAS-30-Franklin,GW,0.00001,0.013396,0.453675,0.517661,0.015238,0.00001,0.00001
GWAS-270-WI-M-H-19-00101,GW,0.00001,0.339346,0.017734,0.026707,0.616183,0.00001,0.00001
IN-23-MB-02-14,IN,0.529933,0.00001,0.022214,0.037241,0.00001,0.083247,0.327345
GWAS-263-WI-M-H-20-108,GW,0.00001,0.00001,0.859719,0.140231,0.00001,0.00001,0.00001
SD-23-JH-08-07,SD,0.00001,0.056594,0.00001,0.00001,0.00001,0.00001,0.943356
GWAS-44-Apollo,GW,0.00001,0.00001,0.548546,0.451404,0.00001,0.00001,0.00001
GWAS-343-WI-M-H-20-114,GW,0.00001,0.057056,0.123732,0.798686,0.020496,0.00001,0.00001
GWAS-295-Bubbatonic,GW,0.00001,0.00001,0.950204,0.049746,0.00001,0.00001,0.00001
GWAS-48-Santhica_70,GW,0.00001,0.00001,0.595952,0.374915,0.029093,0.00001,0.00001
NE-23-JB-03-01,NE,0.077201,0.00001,0.00001,0.00001,0.00001,0.044906,0.877853
GWAS-299-WI-M-H-19-00110,GW,0.00001,0.00001,0.074547,0.925403,0.00001,0.00001,0.00001
SD-23-JH-06-13,SD,0.061127,0.00001,0.00001,0.00001,0.00001,0.00001,0.938823
SD-23-JH-07-10,SD,0.123041,0.00001,0.00001,0.00001,0.00001,0.382994,0.493925
GWAS-234-Early_Nueve,GW,0.116625,0.00001,0.243179,0.564912,0.075254,0.00001,0.00001
GWAS-51-White_CBG_,GW,0.084909,0.00001,0.318057,0.528855,0.068149,0.00001,0.00001
GWAS-252-WI-M-H-19-00111,GW,0.00001,0.849275,0.001477,0.00001,0.149208,0.00001,0.00001
SD-23-JH-07-15,SD,0.057503,0.00001,0.002623,0.00001,0.00001,0.404395,0.535448
SD-23-JH-08-12,SD,0.030828,0.00001,0.00001,0.00001,0.00001,0.00001,0.969122
GWAS-5-WULF,GW,0.00001,0.222234,0.013435,0.012733,0.189731,0.00001,0.561847
GWAS-318-QPPL148,GW,0.00001,0.822725,0.000019,0.00001,0.177216,0.00001,0.00001
NE-23-JB-02-06,NE,0.076028,0.00001,0.00001,0.00001,0.00001,0.088006,0.835926
IA-23-KL-01-01,IA,0.005974,0.648273,0.00001,0.002292,0.00001,0.00001,0.343431
GWAS-335-Dr_Chunk,GW,0.04424,0.333881,0.00001,0.013039,0.173797,0.435022,0.00001
GWAS-259-Amaze_Auto,GW,0.00001,0.00001,0.000018,0.00001,0.999932,0.00001,0.00001
GWAS-255-Pipeline,GW,0.00001,0.00001,0.00001,0.010281,0.123805,0.508301,0.357582
GWAS-84-WI-M-H-20-113,GW,0.00001,0.00001,0.057534,0.932909,0.009518,0.00001,0.00001
Idalia-B4-CO,Id,0.04475,0.00001,0.00001,0.00001,0.00001,0.00001,0.9552
GWAS-338-WI-M-H-21-00104,GW,0.149143,0.379968,0.022779,0.02839,0.131286,0.288424,0.00001
NE-23-JB-03-02,NE,0.054202,0.00001,0.00001,0.00001,0.00001,0.00001,0.945748
GWAS-102-The_Grand,GW,0.00001,0.00001,0.763504,0.236446,0.00001,0.00001,0.00001
IN-23-MB-02-12,IN,0.439713,0.272004,0.039762,0.100018,0.00001,0.00001,0.148483
GWAS-1-21UO_PI-32-15,GW,0.039404,0.02866,0.111581,0.624832,0.195503,0.00001,0.00001
GWAS-314-Picolo,GW,0.00001,0.00001,0.00001,0.99994,0.00001,0.00001,0.00001
GWAS-73-Ultra_Women,GW,0.00001,0.00001,0.00001,0.00001,0.99994,0.00001,0.00001
NE-23-JB-04-02,NE,0.21924,0.456553,0.004363,0.00001,0.015831,0.244817,0.059186
GWAS-12-Katani,GW,0.00001,0.00001,0.515898,0.484052,0.00001,0.00001,0.00001
GWAS-23-Lifter,GW,0.00001,0.005389,0.032457,0.931432,0.030691,0.00001,0.00001
SD-23-JH-06-18,SD,0.152569,0.406627,0.006634,0.016209,0.025416,0.353785,0.03876
NE-23-JB-05-06,NE,0.118985,0.00001,0.00001,0.00001,0.00001,0.00001,0.880965
SD-23-JH-07-05,SD,0.073912,0.329171,0.00001,0.00001,0.00001,0.128851,0.468036
G33199-22GI-SD-Eb,G3,0.00001,0.00001,0.00001,0.00001,0.00001,0.99994,0.00001
SD-23-JH-08-19,SD,0.028984,0.00001,0.00001,0.00001,0.00001,0.00001,0.970966
SD-23-JH-08-11,SD,0.066433,0.478893,0.00074,0.016941,0.073619,0.00001,0.363364
IN-23-MB-01-07,IN,0.872256,0.00001,0.000017,0.00001,0.00001,0.037322,0.090375
Idalia-B6-CO,Id,0.073148,0.245838,0.011951,0.00001,0.00001,0.164933,0.50411
SD-23-JH-08-05,SD,0.00001,0.031271,0.00001,0.00001,0.00001,0.00001,0.968679
Idalia-B3-CO,Id,0.133699,0.008635,0.112833,0.744803,0.00001,0.00001,0.00001
NE-23-JB-01-01,NE,0.088295,0.02932,0.000014,0.00001,0.00001,0.00001,0.882341
NE-23-JB-01-05,NE,0.068444,0.00001,0.00001,0.00001,0.00001,0.00001,0.931506
IN-23-MB-02-11,IN,0.563582,0.272326,0.041008,0.087533,0.016081,0.01946,0.00001
SD-23-JH-06-05,SD,0.054027,0.00001,0.00001,0.00001,0.00001,0.00001,0.945923
GWAS-237-Early_Nueve,GW,0.00001,0.824203,0.004985,0.00103,0.169752,0.00001,0.00001
NE-23-JB-02-02,NE,0.035518,0.00001,0.00001,0.00001,0.00001,0.00001,0.964432
SD-23-JH-06-11,SD,0.078365,0.00001,0.00001,0.00001,0.00001,0.00001,0.921585
GWAS-110-Bialobrzeskie,GW,0.00001,0.00001,0.410132,0.589818,0.00001,0.00001,0.00001
SD-23-JH-08-14,SD,0.030882,0.00001,0.00001,0.00001,0.00001,0.00001,0.969068
WI-23-NP-01-05,WI,0.071705,0.47441,0.003811,0.00001,0.008102,0.441951,0.00001
NE-23-JB-05-04,NE,0.136956,0.300497,0.00001,0.018502,0.00001,0.053573,0.490451
NE-23-JB-02-04,NE,0.16461,0.00001,0.00001,0.00001,0.00001,0.296163,0.539187
GWAS-98-Eighty_Eight,GW,0.01704,0.00001,0.279211,0.692974,0.010745,0.00001,0.00001
GWAS-326-Futura_83,GW,0.00001,0.00001,0.000019,0.00001,0.999931,0.00001,0.00001
IA-23-JA-01-09,IA,0.044433,0.474128,0.00001,0.00001,0.00001,0.481399,0.00001
NE-23-JB-03-04,NE,0.058361,0.092754,0.00001,0.003371,0.002293,0.00001,0.843202
GWAS-96-Eighty_Eight,GW,0.00001,0.067352,0.00001,0.00001,0.932598,0.00001,0.00001
GWAS-69-Hempress_2,GW,0.00001,0.00001,0.371314,0.628636,0.00001,0.00001,0.00001
SD-23-JH-06-07,SD,0.063153,0.00001,0.00001,0.00001,0.00001,0.388447,0.54836
SD-23-JH-08-20,SD,0.005247,0.00001,0.00001,0.00001,0.00001,0.00001,0.994703
IN-23-MB-01-14,IN,0.99994,0.00001,0.00001,0.00001,0.00001,0.00001,0.00001
GWAS-62-Sour_Pineapple,GW,0.00001,0.00001,0.128996,0.870954,0.00001,0.00001,0.00001
NE-23-JB-01-03,NE,0.065556,0.00001,0.00001,0.00001,0.00001,0.00001,0.934394
NE-23-JB-04-04,NE,0.068459,0.504793,0.012485,0.015155,0.006592,0.00001,0.392506
NE-23-JB-05-03,NE,0.181074,0.241459,0.016948,0.002174,0.00001,0.115539,0.442796
GWAS-79-Suver_Haze,GW,0.066194,0.00001,0.043403,0.654122,0.060384,0.175878,0.00001
SD-23-JH-08-02,SD,0.056202,0.00001,0.00001,0.00001,0.00001,0.00001,0.943748
GWAS-311-EPG,GW,0.326225,0.00001,0.135216,0.289424,0.163165,0.00001,0.08595
SD-23-JH-07-19,SD,0.144514,0.00001,0.00001,0.009257,0.00001,0.744824,0.101375
GWAS-269-WI-M-H-19-00101,GW,0.00001,0.367158,0.00227,0.00001,0.630532,0.00001,0.00001
IA-23-JA-01-03,IA,0.024506,0.361,0.00001,0.00001,0.00001,0.303867,0.310597
GWAS-285-WI-M-H-20-00115,GW,0.00001,0.00001,0.950525,0.049425,0.00001,0.00001,0.00001
GWAS-38-Smooth_operator,GW,0.00001,0.376491,0.00001,0.00001,0.170662,0.452808,0.00001
GWAS-34-CFX-2,GW,0.00001,0.053796,0.10185,0.763104,0.081221,0.00001,0.00001
GWAS-308-EPG,GW,0.00001,0.00001,0.00001,0.99994,0.00001,0.00001,0.00001
SD-23-JH-07-03,SD,0.028142,0.00001,0.00001,0.000011,0.00001,0.016512,0.955305
GWAS-292-Forbidden_V,GW,0.009068,0.00001,0.14218,0.84851,0.000212,0.00001,0.00001
GWAS-27-ChinMa,GW,0.00001,0.041206,0.00001,0.00001,0.958744,0.00001,0.00001
GWAS-274-CFX-1,GW,0.010575,0.00001,0.000014,0.00001,0.110431,0.87895,0.00001
GWAS-43-Apollo,GW,0.00001,0.00001,0.572643,0.427307,0.00001,0.00001,0.00001
SD-23-JH-07-07,SD,0.031736,0.203651,0.00001,0.020953,0.00001,0.00001,0.74363
GWAS-40-Eletta_Campana,GW,0.00001,0.097295,0.00001,0.000447,0.902218,0.00001,0.00001
GWAS-265-WI-M-H-20-101,GW,0.00001,0.00001,0.362318,0.637632,0.00001,0.00001,0.00001
SD-23-JH-07-02,SD,0.011622,0.004503,0.00001,0.00001,0.014306,0.00001,0.96954
GWAS-54-202_EVY,GW,0.00001,0.091307,0.113799,0.706676,0.088188,0.00001,0.00001
NE-23-JB-03-05,NE,0.128113,0.00001,0.000018,0.00001,0.00001,0.019616,0.852222
GWAS-92-Badger_3,GW,0.051629,0.00001,0.320533,0.582327,0.045481,0.00001,0.00001
GWAS-31-Franklin,GW,0.00001,0.555728,0.042743,0.073803,0.327696,0.00001,0.00001
GWAS-271-CFX-1,GW,0.01531,0.00001,0.00001,0.00001,0.1069,0.87775,0.00001
GWAS-57-BaOx_Hybrid,GW,0.00001,0.36841,0.005827,0.03124,0.594493,0.00001,0.00001
IL-23-AA-04-01,IL,0.00001,0.94676,0.00001,0.00001,0.047704,0.005497,0.00001
SD-23-JH-06-20,SD,0.013404,0.278105,0.017313,0.007479,0.00001,0.00001,0.683679
G33199-22GI-SD-G,G3,0.00001,0.11371,0.00001,0.00001,0.073167,0.813084,0.00001
IA-23-JA-01-02,IA,0.051403,0.493476,0.00001,0.00001,0.00001,0.455082,0.00001
GWAS-296-Bubbatonic,GW,0.00001,0.00001,0.937249,0.062701,0.00001,0.00001,0.00001
GWAS-304-WI-M-H-19-00102,GW,0.049022,0.013286,0.171391,0.692336,0.073945,0.00001,0.00001
GWAS-333-WI-M-H-20-106,GW,0.00001,0.860033,0.00001,0.00001,0.139917,0.00001,0.00001
GWAS-47-WI-M-H-21-00101,GW,0.00001,0.00001,0.561634,0.435588,0.002737,0.00001,0.00001
GWAS-300-WI-M-H-19-00110,GW,0.00001,0.00001,0.103494,0.844366,0.052099,0.00001,0.00001
IA-23-JA-01-07,IA,0.011257,0.533607,0.00001,0.003153,0.008797,0.443166,0.00001
GWAS-336-Dr_Chunk,GW,0.061006,0.00001,0.00001,0.00001,0.123764,0.81519,0.00001
SD-23-JH-08-16,SD,0.00001,0.007094,0.00001,0.00001,0.00001,0.00001,0.992856
GWAS-342-199_ENO,GW,0.00001,0.797431,0.00001,0.00001,0.202519,0.00001,0.00001
GWAS-104-The_Grand,GW,0.128306,0.00001,0.008192,0.020173,0.099918,0.743391,0.00001
IN-23-MB-01-12,IN,0.99994,0.00001,0.00001,0.00001,0.00001,0.00001,0.00001
GWAS-258-Amaze_Auto,GW,0.00001,0.00001,0.281905,0.718045,0.00001,0.00001,0.00001
NE-23-JB-05-02,NE,0.172514,0.00001,0.000012,0.002854,0.00001,0.36701,0.457591
IA-23-KL-01-10,IA,0.001687,0.064698,0.000015,0.00001,0.00001,0.00001,0.93357
GWAS-4-WULF,GW,0.156344,0.05107,0.042267,0.13767,0.183427,0.00001,0.429211
GWAS-50-Santhica_70,GW,0.065199,0.00001,0.359212,0.537174,0.038385,0.00001,0.00001
GWAS-108-Pineapple_Kush,GW,0.00001,0.388694,0.00001,0.00001,0.163909,0.447358,0.00001
WI-23-SE-01-01,WI,0.015634,0.95064,0.00001,0.00001,0.033687,0.00001,0.00001
GWAS-341-199_ENO,GW,0.00001,0.809711,0.00001,0.00001,0.190239,0.00001,0.00001
SD-23-JH-06-09,SD,0.003056,0.212905,0.015247,0.00001,0.013804,0.00001,0.754967
GWAS-107-Pineapple_Kush,GW,0.00001,0.00001,0.00001,0.00001,0.109947,0.614635,0.275378
IN-23-MB-02-01,IN,0.546228,0.00001,0.00001,0.042929,0.00001,0.104774,0.306039
GWAS-10-Katani,GW,0.00001,0.00001,0.536941,0.463009,0.00001,0.00001,0.00001
G33199-22GI-SD-C,G3,0.00001,0.379595,0.00001,0.00001,0.063972,0.556393,0.00001
GWAS-241-FL71_x_FL71,GW,0.068077,0.03302,0.344347,0.548823,0.005713,0.00001,0.00001
IL-23-AA-04-02,IL,0.109908,0.00001,0.00001,0.00001,0.00001,0.890042,0.00001
GWAS-20-Park_Dale,GW,0.43315,0.00001,0.117104,0.2632,0.181427,0.0051,0.00001
GWAS-244-FL71_x_FL71,GW,0.00001,0.054851,0.232956,0.699972,0.012191,0.00001,0.00001
NE-23-JB-03-06,NE,0.111078,0.00001,0.00001,0.00001,0.00001,0.00001,0.888872
IN-23-MB-02-02,IN,0.543229,0.118456,0.008796,0.099731,0.00001,0.00001,0.229768
GWAS-289-Maverick,GW,0.00001,0.00001,0.00001,0.99994,0.00001,0.00001,0.00001
NE-23-JB-01-06,NE,0.142397,0.280347,0.001148,0.013366,0.00001,0.027532,0.535201
GWAS-337-WI-M-H-21-00104,GW,0.049497,0.262791,0.013762,0.025221,0.108559,0.065284,0.474886
G33199-22GI-SD-F,G3,0.00001,0.27009,0.00001,0.033139,0.075809,0.25224,0.368702
GWAS-13-Auto_Blunami,GW,0.00001,0.00001,0.050457,0.626239,0.015872,0.307402,0.00001
SD-23-JH-08-03,SD,0.054351,0.00001,0.00001,0.00001,0.001974,0.00001,0.943635
SD-23-JH-07-06,SD,0.00001,0.012811,0.00001,0.00001,0.00001,0.00001,0.987139
IA-23-JA-01-06,IA,0.00001,0.991178,0.005406,0.003376,0.00001,0.00001,0.00001
GWAS-101-Hempress_3_33207,GW,0.00001,0.013771,0.814676,0.168985,0.002537,0.00001,0.00001
WI-23-SE-01-05,WI,0.024259,0.460203,0.00001,0.00001,0.00001,0.515498,0.00001
Idalia-B7-CO,Id,0.016957,0.00001,0.00001,0.00001,0.00001,0.00001,0.982993
IA-23-KL-01-05,IA,0.100929,0.043356,0.00001,0.005024,0.00001,0.00001,0.850662
WI-23-NP-01-01,WI,0.008712,0.976882,0.00001,0.00001,0.014365,0.00001,0.00001
GWAS-332-WI-M-H-20-106,GW,0.00001,0.406428,0.00001,0.000405,0.130402,0.462735,0.00001
WI-23-NS-01-04,WI,0.00001,0.564808,0.00001,0.00001,0.00001,0.00001,0.435142
SD-23-JH-06-12,SD,0.001252,0.00001,0.00001,0.00001,0.00001,0.00001,0.998698
GWAS-339-WI-M-H-21-00104,GW,0.015815,0.00001,0.00001,0.00001,0.086939,0.00001,0.897206
SD-23-JH-08-15,SD,0.003879,0.05617,0.00001,0.016529,0.078765,0.00001,0.844636
GWAS-236-Early_Nueve,GW,0.00001,0.407188,0.00001,0.000625,0.166141,0.426015,0.00001
SD-23-JH-08-09,SD,0.048422,0.007639,0.019764,0.00001,0.057756,0.00001,0.866399
NE-23-JB-03-03,NE,0.115881,0.00001,0.00001,0.00001,0.00001,0.058115,0.825963
GWAS-93-Badger_3,GW,0.030562,0.00001,0.418681,0.538864,0.011862,0.00001,0.00001
SD-23-JH-06-06,SD,0.057986,0.00001,0.00001,0.00001,0.00001,0.00001,0.941964
IA-23-JA-01-11,IA,0.113734,0.00001,0.00001,0.00001,0.00001,0.356985,0.52924
SD-23-JH-07-11,SD,0.019174,0.00001,0.00001,0.00001,0.00001,0.00001,0.980776
IN-23-MB-02-09,IN,0.476895,0.109727,0.028438,0.079111,0.02261,0.00001,0.283208
GWAS-86-Hliana,GW,0.158757,0.120737,0.082544,0.431952,0.20599,0.00001,0.00001
IA-23-KL-01-09,IA,0.079098,0.287465,0.00001,0.008927,0.031677,0.117394,0.47543
NE-23-ID-01-01,NE,0.086624,0.00001,0.00001,0.00001,0.00001,0.005441,0.907895
GWAS-95-Eighty_Eight,GW,0.00001,0.007885,0.00001,0.00001,0.992065,0.00001,0.00001
SD-23-JH-08-10,SD,0.00001,0.122354,0.001098,0.033169,0.011521,0.00001,0.831839
SD-23-JH-08-18,SD,0.021292,0.00001,0.00001,0.00001,0.00001,0.00001,0.978658
SD-23-JH-08-06,SD,0.02448,0.00001,0.00001,0.00001,0.041081,0.00001,0.934399
NE-23-JB-01-02,NE,0.108602,0.00001,0.000016,0.00001,0.00001,0.034186,0.857166
GWAS-99-Hempress_3_33207,GW,0.013002,0.00001,0.239985,0.735421,0.011562,0.00001,0.00001
WI-23-MK-01-05,WI,0.049952,0.420664,0.00001,0.00001,0.006754,0.5226,0.00001
GWAS-68-Hempress_2,GW,0.00001,0.019203,0.387003,0.593752,0.000013,0.00001,0.00001
SD-23-JH-06-15,SD,0.072037,0.328884,0.00001,0.00001,0.00001,0.02928,0.569769
IN-23-MB-02-13,IN,0.528378,0.105124,0.023174,0.078237,0.00001,0.00001,0.265066
WI-23-NP-01-04,WI,0.085815,0.00001,0.00001,0.00001,0.00001,0.914135,0.00001
GWAS-65-Futura,GW,0.00001,0.00001,0.00001,0.99994,0.00001,0.00001,0.00001
GWAS-82-WI-M-H-20-113,GW,0.028189,0.03472,0.018435,0.812303,0.106329,0.000013,0.00001
GWAS-323-198_MUY,GW,0.00001,0.310739,0.00001,0.00001,0.148376,0.540845,0.00001
GWAS-39-Eletta_Campana,GW,0.00001,0.342368,0.002103,0.00001,0.182935,0.472564,0.00001
GWAS-312-Picolo,GW,0.412547,0.00001,0.125184,0.269736,0.171749,0.020764,0.00001
GWAS-35-CFX-2,GW,0.00001,0.046938,0.100942,0.725486,0.126604,0.00001,0.00001
GWAS-286-WI-M-H-20-00115,GW,0.00001,0.437377,0.00001,0.00001,0.135925,0.426658,0.00001
GWAS-28-ChinMa,GW,0.021078,0.014319,0.467733,0.496098,0.000752,0.00001,0.00001
GWAS-293-Forbidden_V,GW,0.00001,0.000019,0.154784,0.845157,0.00001,0.00001,0.00001
IN-23-MB-01-05,IN,0.79222,0.00001,0.000013,0.00001,0.00001,0.131649,0.076088
GWAS-290-Maverick,GW,0.00001,0.00001,0.00001,0.99994,0.00001,0.00001,0.00001
SD-23-JH-07-14,SD,0.047822,0.316645,0.00001,0.00001,0.00001,0.065804,0.569699
GWAS-331-WI-M-H-20-106,GW,0.00001,0.343197,0.00001,0.000017,0.174048,0.482708,0.00001
GWAS-275-BHC-Auto,GW,0.00001,0.355041,0.00001,0.00001,0.140353,0.504566,0.00001
GWAS-319-198_MUY,GW,0.052493,0.02793,0.352769,0.549935,0.016853,0.00001,0.00001
SD-23-JH-06-19,SD,0.00001,0.210317,0.007902,0.00001,0.028798,0.00001,0.752953
GWAS-53-White_CBG_,GW,0.00001,0.116649,0.07498,0.719501,0.088841,0.00001,0.00001
NE-23-JB-01-04,NE,0.131056,0.111598,0.00001,0.002592,0.00001,0.00001,0.754724
Idalia-B5b-CO,Id,0.090542,0.097787,0.005115,0.00001,0.00001,0.025105,0.781431
GWAS-268-WI-M-H-19-00101,GW,0.00001,0.364156,0.00656,0.00001,0.629244,0.00001,0.00001
GWAS-49-Santhica_70,GW,0.00001,0.272044,0.003592,0.027371,0.696964,0.00001,0.00001
SD-23-JH-06-14,SD,0.038344,0.00001,0.00001,0.00001,0.00001,0.00001,0.961606
GWAS-272-CFX-1,GW,0.00018,0.00001,0.003781,0.00001,0.116054,0.879955,0.00001
GWAS-32-Franklin,GW,0.00001,0.5978,0.035042,0.075313,0.291814,0.00001,0.00001
GWAS-301-WI-M-H-21-00103,GW,0.00001,0.005219,0.523431,0.457844,0.013475,0.00001,0.00001
GWAS-305-WI-M-H-19-00102,GW,0.063795,0.068643,0.155763,0.621032,0.090747,0.00001,0.00001
GWAS-297-Bubbatonic,GW,0.00001,0.00001,0.967736,0.032214,0.00001,0.00001,0.00001
GWAS-109-Bialobrzeskie,GW,0.00001,0.00001,0.401739,0.598211,0.00001,0.00001,0.00001
IN-23-MB-02-07,IN,0.495405,0.149275,0.017602,0.089336,0.001681,0.00001,0.246691
GWAS-42-Apollo,GW,0.00001,0.003721,0.00001,0.00001,0.996229,0.00001,0.00001
GWAS-46-WI-M-H-21-00101,GW,0.00001,0.00001,0.490379,0.504292,0.005289,0.00001,0.00001
GWAS-17-Auto_Blunami,GW,0.00001,0.031648,0.429107,0.539205,0.00001,0.00001,0.00001
GWAS-257-Amaze_Auto,GW,0.00001,0.003524,0.225563,0.765331,0.005552,0.00001,0.00001
GWAS-254-Pipeline,GW,0.00001,0.103032,0.00001,0.00001,0.141822,0.055828,0.699288
GWAS-85-Hliana,GW,0.00001,0.00001,0.419561,0.580389,0.00001,0.00001,0.00001
GWAS-71-Rogue,GW,0.002071,0.00001,0.00001,0.00001,0.157457,0.840432,0.00001
GWAS-346-WI-M-H-20-114,GW,0.00001,0.058478,0.015526,0.025529,0.900437,0.00001,0.00001
IN-23-MB-02-15,IN,0.600798,0.291221,0.041834,0.059665,0.00001,0.006463,0.00001
GWAS-3-21UO_PI-32-15,GW,0.045084,0.023759,0.148554,0.585096,0.197487,0.00001,0.00001
GWAS-316-QPPL148,GW,0.000357,0.382153,0.011782,0.00001,0.157332,0.448356,0.00001
GWAS-103-The_Grand,GW,0.056543,0.348964,0.017522,0.009218,0.134795,0.432947,0.00001
G33199-22GI-SD-I,G3,0.00001,0.00001,0.00001,0.00001,0.00001,0.71345,0.2865
GWAS-240-WI-M-H-20-100,GW,0.00001,0.00001,0.456153,0.543797,0.00001,0.00001,0.00001
IA-23-JA-01-10,IA,0.005429,0.448295,0.001957,0.00001,0.010784,0.533515,0.00001
Merino-B-CO,Me,0.131289,0.011558,0.109152,0.747972,0.00001,0.00001,0.00001
IA-23-KL-01-02,IA,0.01363,0.263072,0.01334,0.00692,0.00001,0.00001,0.703018
GWAS-21-Park_Dale,GW,0.00001,0.00001,0.080006,0.913178,0.006776,0.00001,0.00001
SD-23-JH-06-04,SD,0.017358,0.00001,0.00001,0.00001,0.00001,0.00001,0.982592
SD-23-JH-08-08,SD,0.00001,0.1958,0.017387,0.00001,0.016964,0.00001,0.769819
NE-23-JB-02-01,NE,0.087124,0.310311,0.00001,0.00001,0.00001,0.062748,0.539787
WI-23-NS-01-01,WI,0.00001,0.749431,0.00001,0.00001,0.00001,0.00001,0.250519
IN-23-MB-02-06,IN,0.48555,0.111247,0.019933,0.090795,0.001066,0.00001,0.291399
IN-23-MB-01-03,IN,0.899385,0.00001,0.00001,0.00001,0.00001,0.049348,0.051227
GWAS-74-Ultra_Women,GW,0.00001,0.00001,0.00001,0.000016,0.999927,0.000017,0.00001
IA-23-KL-01-07,IA,0.007358,0.0111,0.000017,0.00001,0.00001,0.00001,0.981495
IN-23-MB-01-08,IN,0.999937,0.00001,0.00001,0.00001,0.00001,0.000013,0.00001
GWAS-100-Hempress_3_33207,GW,0.00001,0.00001,0.783397,0.216553,0.00001,0.00001,0.00001
GWAS-14-Auto_Blunami,GW,0.002513,0.014702,0.15178,0.830976,0.00001,0.00001,0.00001
WI-23-MK-01-01,WI,0.00001,0.367561,0.00001,0.00001,0.00001,0.299841,0.332558
G33199-22GI-SD-M,G3,0.00001,0.074856,0.00001,0.00001,0.07072,0.692629,0.161765
NE-23-JB-05-01,NE,0.16942,0.296456,0.00001,0.005405,0.00001,0.079685,0.449014
SD-23-JH-06-01,SD,0.063104,0.00001,0.00001,0.00001,0.00001,0.00001,0.936846
WI-23-NS-01-05,WI,0.00001,0.748463,0.00001,0.00001,0.00001,0.00001,0.251487
Idalia-B2b-CO,Id,0.150081,0.436132,0.019655,0.000861,0.00001,0.39325,0.00001
GWAS-239-WI-M-H-20-100,GW,0.00001,0.00001,0.32217,0.67778,0.00001,0.00001,0.00001
IN-23-MB-01-13,IN,0.743503,0.00001,0.00002,0.00001,0.00001,0.00001,0.256437
SD-23-JH-07-16,SD,0.045075,0.00001,0.00001,0.000014,0.00001,0.00001,0.954871
IA-23-KL-01-06,IA,0.052326,0.11046,0.00001,0.00001,0.00001,0.00001,0.837175
IN-23-MB-02-05,IN,0.429086,0.00001,0.014011,0.062847,0.00001,0.00001,0.494026
Idalia-B5a-CO,Id,0.00001,0.052126,0.00001,0.00001,0.00001,0.00001,0.947824
WI-23-NS-01-03,WI,0.00001,0.764358,0.00001,0.00001,0.00001,0.00001,0.235592
SD-23-JH-07-09,SD,0.073503,0.00001,0.00001,0.00001,0.00001,0.38195,0.544507
IN-23-MB-01-01,IN,0.882431,0.00001,0.00001,0.00001,0.00001,0.033992,0.083537
SD-23-JH-08-01,SD,0.008229,0.00001,0.00001,0.00001,0.00001,0.00001,0.991721
WI-23-MK-01-04,WI,0.035289,0.953934,0.00001,0.00001,0.00001,0.010737,0.00001
Idalia-B8-CO,Id,0.154993,0.00001,0.001099,0.00001,0.00001,0.843868,0.00001
WI-23-SE-01-04,WI,0.033474,0.456555,0.00001,0.00001,0.028932,0.48101,0.00001
SD-23-JH-06-02,SD,0.044678,0.257031,0.00001,0.00681,0.009935,0.09078,0.590756
SD-23-JH-07-18,SD,0.00001,0.339286,0.00001,0.00001,0.00001,0.00001,0.660664
IA-23-KL-01-04,IA,0.040655,0.00001,0.00001,0.00001,0.00001,0.00001,0.959295
GWAS-278-BHC-Auto,GW,0.00001,0.00001,0.62317,0.37678,0.00001,0.00001,0.00001
SD-23-JH-06-16,SD,0.071342,0.317975,0.00001,0.002127,0.00001,0.040863,0.567673
GWAS-67-Hempress_2,GW,0.00001,0.00001,0.406787,0.593163,0.00001,0.00001,0.00001
G33199-22GI-SD-B,G3,0.00001,0.365755,0.00001,0.031572,0.04755,0.555093,0.00001
GWAS-94-Badger_3,GW,0.00001,0.03767,0.00001,0.00001,0.96228,0.00001,0.00001
GWAS-90-21UO_PI-22-15,GW,0.00001,0.00001,0.163197,0.836753,0.00001,0.00001,0.00001
G33199-22GI-SD-K,G3,0.000019,0.121575,0.00001,0.00001,0.069472,0.808904,0.00001
GWAS-324-Futura_83,GW,0.020762,0.00001,0.00001,0.00001,0.138085,0.841114,0.00001
IN-23-MB-02-08,IN,0.432584,0.097918,0.014697,0.092106,0.00001,0.00001,0.362675
GWAS-60-BaOx_Hybrid,GW,0.00001,0.451899,0.154293,0.296949,0.096821,0.000017,0.00001
GWAS-64-Futura,GW,0.00001,0.00001,0.00001,0.99994,0.00001,0.00001,0.00001
GWAS-328-WI-M-H-19-00106,GW,0.00001,0.825769,0.009234,0.00001,0.164957,0.00001,0.00001
SD-23-JH-08-17,SD,0.04066,0.141303,0.00001,0.024546,0.054542,0.00001,0.738929
SD-23-JH-06-08,SD,0.038055,0.00001,0.00001,0.00001,0.00001,0.00001,0.961895
GWAS-283-Special_Sauce,GW,0.00001,0.00001,0.956562,0.043388,0.00001,0.00001,0.00001
GWAS-59-BaOx_Hybrid,GW,0.00001,0.127159,0.184,0.599247,0.089564,0.00001,0.00001
GWAS-280-Panakeia,GW,0.006416,0.41592,0.00001,0.012564,0.136894,0.428186,0.00001
IN-23-MB-01-11,IN,0.712682,0.00001,0.00001,0.000019,0.00001,0.00001,0.287259
WI-23-MK-01-03,WI,0.084288,0.00001,0.00001,0.00001,0.00001,0.915662,0.00001
GWAS-313-Picolo,GW,0.00001,0.00001,0.00001,0.99994,0.00001,0.00001,0.00001
GWAS-36-Smooth_operator,GW,0.00001,0.021343,0.082803,0.795596,0.100229,0.00001,0.00001
GWAS-287-WI-M-H-20-00115,GW,0.00001,0.845168,0.00001,0.00001,0.154782,0.00001,0.00001
GWAS-77-Suver_Haze,GW,0.171911,0.101399,0.142699,0.353698,0.230273,0.00001,0.00001
IA-23-JA-01-08,IA,0.061819,0.00001,0.00001,0.00001,0.00001,0.938131,0.00001
GWAS-309-EPG,GW,0.00001,0.00001,0.038812,0.961138,0.00001,0.00001,0.00001
SD-23-JH-07-08,SD,0.07651,0.00001,0.00001,0.00001,0.00001,0.386069,0.537381
GWAS-81-WI-M-H-20-113,GW,0.085429,0.00001,0.070022,0.605273,0.084251,0.155004,0.00001
GWAS-29-ChinMa,GW,0.00706,0.00001,0.463565,0.516938,0.012407,0.00001,0.00001
GWAS-276-BHC-Auto,GW,0.00001,0.373674,0.005546,0.00001,0.123916,0.496835,0.00001
GWAS-25-Lifter,GW,0.00001,0.02158,0.00001,0.00001,0.97837,0.00001,0.00001
SD-23-JH-07-13,SD,0.048753,0.00001,0.00001,0.00001,0.00001,0.044936,0.90627
WI-23-NP-01-03,WI,0.021096,0.978854,0.00001,0.00001,0.00001,0.00001,0.00001
GWAS-87-Hliana,GW,0.00001,0.00001,0.420483,0.554283,0.025194,0.00001,0.00001
IN-23-MB-02-03,IN,0.476999,0.005443,0.020124,0.076299,0.00001,0.00001,0.421115
GWAS-56-202_EVY,GW,0.00001,0.275766,0.00001,0.023401,0.700793,0.00001,0.00001
GWAS-267-WI-M-H-20-101,GW,0.00001,0.00001,0.346469,0.653481,0.00001,0.00001,0.00001
IN-23-MB-01-15,IN,0.831346,0.00001,0.00001,0.00001,0.00001,0.00001,0.168604
GWAS-264-WI-M-H-20-108,GW,0.00001,0.004238,0.755451,0.240271,0.00001,0.00001,0.00001
IN-23-MB-01-10,IN,0.99994,0.00001,0.00001,0.00001,0.00001,0.00001,0.00001
GWAS-302-WI-M-H-21-00103,GW,0.045005,0.00001,0.554572,0.35438,0.046013,0.00001,0.00001
GWAS-45-WI-M-H-21-00101,GW,0.00001,0.00001,0.542878,0.457072,0.00001,0.00001,0.00001
GWAS-256-Pipeline,GW,0.00001,0.011678,0.264117,0.7061,0.018076,0.00001,0.00001
GWAS-249-Lifter_Seedless,GW,0.00001,0.848861,0.009476,0.003427,0.138205,0.00001,0.00001
G33199-22GI-SD-H,G3,0.00001,0.096307,0.00001,0.028801,0.036003,0.661063,0.177806
GWAS-253-WI-M-H-19-00111,GW,0.018022,0.360271,0.00046,0.012733,0.16111,0.447393,0.00001
GWAS-70-Rogue,GW,0.00001,0.55769,0.00001,0.014445,0.226627,0.00001,0.201208
GWAS-52-White_CBG_,GW,0.070584,0.00001,0.354628,0.524416,0.050342,0.00001,0.00001
NE-23-JB-04-01,NE,0.12322,0.00001,0.000014,0.00001,0.00001,0.3462,0.530535
GWAS-6-WULF,GW,0.00001,0.00001,0.016588,0.016182,0.134006,0.00001,0.833194
GWAS-317-QPPL148,GW,0.00001,0.00001,0.00001,0.00001,0.132648,0.867302,0.00001
GWAS-2-21UO_PI-32-15,GW,0.056838,0.017216,0.100308,0.631297,0.19432,0.00001,0.00001
WI-23-NP-01-02,WI,0.029539,0.00001,0.00001,0.00001,0.00001,0.647413,0.323008
Idalia-B2a-CO,Id,0.060409,0.00001,0.00001,0.00001,0.00001,0.092096,0.847455
GWAS-22-Park_Dale,GW,0.188556,0.00001,0.12005,0.460427,0.114491,0.00001,0.116455
SD-23-JH-07-01,SD,0.051567,0.301893,0.009552,0.00001,0.00001,0.07859,0.558378
NE-23-JB-04-06,NE,0.076714,0.00001,0.00001,0.00001,0.00001,0.00001,0.923236
GWAS-246-Lifter_Seedless,GW,0.00001,0.00001,0.261785,0.738165,0.00001,0.00001,0.00001
WI-23-SE-01-02,WI,0.00001,0.44062,0.00001,0.00001,0.016724,0.542617,0.00001
GWAS-243-FL71_x_FL71,GW,0.070664,0.035652,0.413672,0.479982,0.00001,0.00001,0.00001
IN-23-MB-01-02,IN,0.972241,0.00001,0.000012,0.00001,0.00001,0.019581,0.008136
NE-23-JB-05-05,NE,0.291586,0.00001,0.00001,0.00001,0.00001,0.708364,0.00001
GWAS-9-Katani,GW,0.00001,0.00001,0.00001,0.00001,0.99994,0.00001,0.00001
NE-23-JB-02-03,NE,0.036269,0.00001,0.00001,0.00001,0.00001,0.00001,0.963681
GWAS-88-21UO_PI-22-15,GW,0.00001,0.00001,0.136871,0.863079,0.00001,0.00001,0.00001
SD-23-JH-08-04,SD,0.069289,0.00001,0.00001,0.00001,0.00001,0.381472,0.5492
GWAS-334-Dr_Chunk,GW,0.041137,0.272816,0.000892,0.014458,0.20221,0.468477,0.00001
GWAS-238-WI-M-H-20-100,GW,0.00001,0.00001,0.435954,0.563996,0.00001,0.00001,0.00001
IA-23-JA-01-05,IA,0.00001,0.763406,0.00001,0.00001,0.00001,0.00001,0.236544
G33199-22GI-SD-D,G3,0.00001,0.093484,0.00001,0.072132,0.026597,0.626723,0.181044
GWAS-344-WI-M-H-20-114,GW,0.00001,0.00001,0.149594,0.834791,0.015575,0.00001,0.00001
NE-23-JB-04-05,NE,0.062556,0.055335,0.000019,0.00001,0.00001,0.00001,0.88206
GWAS-250-WI-M-H-19-00111,GW,0.00001,0.809167,0.005415,0.00001,0.185378,0.00001,0.00001
SD-23-JH-06-17,SD,0.037651,0.00001,0.00001,0.00001,0.00001,0.00001,0.962299
G33199-22GI-SD-L,G3,0.00001,0.00001,0.00001,0.00001,0.00001,0.99994,0.00001
SD-23-JH-07-04,SD,0.049084,0.00001,0.00001,0.00001,0.00001,0.00001,0.950866
IA-23-JA-01-04,IA,0.014305,0.978427,0.007228,0.00001,0.00001,0.00001,0.00001
Merino-A-CO,Me,0.162758,0.00001,0.083496,0.33152,0.210847,0.21136,0.00001
G33199-22GI-SD-Ea,G3,0.00001,0.00001,0.00001,0.00001,0.00001,0.99994,0.00001
IN-23-MB-02-10,IN,0.338931,0.00001,0.033038,0.06625,0.00001,0.00001,0.56175
IN-23-MB-01-06,IN,0.956194,0.00001,0.00001,0.00001,0.00001,0.043756,0.00001
GWAS-63-Sour_Pineapple,GW,0.00001,0.00001,0.143492,0.856458,0.00001,0.00001,0.00001
GWAS-66-Futura,GW,0.00001,0.00001,0.00001,0.99994,0.00001,0.00001,0.00001
SD-23-JH-07-17,SD,0.107883,0.444219,0.00001,0.005232,0.030324,0.29022,0.122111
GWAS-330-WI-M-H-19-00106,GW,0.00001,0.802166,0.00001,0.00001,0.197784,0.00001,0.00001
GWAS-325-Futura_83,GW,0.00001,0.004049,0.00001,0.00001,0.995901,0.00001,0.00001
GWAS-329-WI-M-H-19-00106,GW,0.027592,0.402485,0.00001,0.013132,0.145429,0.411342,0.00001
IN-23-MB-02-04,IN,0.392016,0.318222,0.035529,0.069049,0.006372,0.00001,0.178802
SD-23-JH-06-10,SD,0.082645,0.00001,0.00001,0.00001,0.00001,0.00001,0.917305
GWAS-279-Panakeia,GW,0.00001,0.00001,0.684016,0.315934,0.00001,0.00001,0.00001
G33199-22GI-SD-A,G3,0.00001,0.00001,0.00001,0.00001,0.00001,0.99994,0.00001